FlightDate,Tail_Number,Manufacturer,Model,ICAO_Type,Estimated_Distance_km,Estimated_Cruise_Fuel_Flow_kghr,Estimated_Total_Fuel_kg,Assumed_Cruise_Mass_kg
2023-01-02,N605LR,CANADAIR REGIONAL JET,CRJ,Unknown Aircraft,162.9022937317257,,,
2023-01-03,N605LR,CANADAIR REGIONAL JET,CRJ,Unknown Aircraft,162.9022937317257,,,
2023-01-04,N331PQ,CANADAIR REGIONAL JET,CRJ,Unknown Aircraft,162.9022937317257,,,
2023-01-05,N906XJ,CANADAIR REGIONAL JET,CRJ,Unknown Aircraft,162.9022937317257,,,
2023-01-06,N337PQ,CANADAIR REGIONAL JET,CRJ,Unknown Aircraft,162.9022937317257,,,
2023-01-07,N336PQ,CANADAIR REGIONAL JET,CRJ,Unknown Aircraft,162.9022937317257,,,
2023-01-14,N311PQ,CANADAIR REGIONAL JET,CRJ,Unknown Aircraft,939.5060244849057,,,
2023-01-21,N917XJ,CANADAIR REGIONAL JET,CRJ,Unknown Aircraft,939.5060244849057,,,
2023-01-28,N336PQ,CANADAIR REGIONAL JET,CRJ,Unknown Aircraft,939.5060244849057,,,
2023-01-09,N491PX,CANADAIR REGIONAL JET,CRJ,Unknown Aircraft,172.7443924504344,,,
2023-01-10,N478PX,CANADAIR REGIONAL JET,CRJ,Unknown Aircraft,172.7443924504344,,,
2023-01-11,N135EV,CANADAIR REGIONAL JET,CRJ,Unknown Aircraft,172.7443924504344,,,
2023-01-12,N197PQ,CANADAIR REGIONAL JET,CRJ,Unknown Aircraft,172.7443924504344,,,
2023-01-13,N915XJ,CANADAIR REGIONAL JET,CRJ,Unknown Aircraft,172.7443924504344,,,
2023-01-15,N920XJ,CANADAIR REGIONAL JET,CRJ,Unknown Aircraft,172.7443924504344,,,
2023-01-16,N916XJ,CANADAIR REGIONAL JET,CRJ,Unknown Aircraft,172.7443924504344,,,
2023-01-17,N902XJ,CANADAIR REGIONAL JET,CRJ,Unknown Aircraft,172.7443924504344,,,
2023-01-18,N491PX,CANADAIR REGIONAL JET,CRJ,Unknown Aircraft,172.7443924504344,,,
2023-01-19,N691CA,CANADAIR REGIONAL JET,CRJ,Unknown Aircraft,172.7443924504344,,,
2023-01-20,N904XJ,CANADAIR REGIONAL JET,CRJ,Unknown Aircraft,172.7443924504344,,,
2023-01-22,N310PQ,CANADAIR REGIONAL JET,CRJ,Unknown Aircraft,172.7443924504344,,,
2023-01-23,N917XJ,CANADAIR REGIONAL JET,CRJ,Unknown Aircraft,172.7443924504344,,,
2023-01-24,N182GJ,CANADAIR REGIONAL JET,CRJ,Unknown Aircraft,172.7443924504344,,,
2023-01-25,N490PX,CANADAIR REGIONAL JET,CRJ,Unknown Aircraft,172.7443924504344,,,
2023-01-26,N134EV,CANADAIR REGIONAL JET,CRJ,Unknown Aircraft,172.7443924504344,,,
2023-01-27,N919XJ,CANADAIR REGIONAL JET,CRJ,Unknown Aircraft,172.7443924504344,,,
2023-01-29,N485PX,CANADAIR REGIONAL JET,CRJ,Unknown Aircraft,172.7443924504344,,,
2023-01-30,N491PX,CANADAIR REGIONAL JET,CRJ,Unknown Aircraft,172.7443924504344,,,
2023-01-31,N485PX,CANADAIR REGIONAL JET,CRJ,Unknown Aircraft,172.7443924504344,,,
2023-01-01,N906XJ,CANADAIR REGIONAL JET,CRJ,Unknown Aircraft,232.05470268989666,,,
2023-01-02,N197PQ,CANADAIR REGIONAL JET,CRJ,Unknown Aircraft,232.05470268989666,,,
2023-01-09,N181GJ,CANADAIR REGIONAL JET,CRJ,Unknown Aircraft,531.0345809951175,,,
2023-01-10,N937XJ,CANADAIR REGIONAL JET,CRJ,Unknown Aircraft,531.0345809951175,,,
2023-01-11,N604LR,CANADAIR REGIONAL JET,CRJ,Unknown Aircraft,531.0345809951175,,,
2023-01-12,N371CA,CANADAIR REGIONAL JET,CRJ,Unknown Aircraft,531.0345809951175,,,
2023-01-13,N324PQ,CANADAIR REGIONAL JET,CRJ,Unknown Aircraft,531.0345809951175,,,
2023-01-14,N316PQ,CANADAIR REGIONAL JET,CRJ,Unknown Aircraft,531.0345809951175,,,
2023-01-15,N197PQ,CANADAIR REGIONAL JET,CRJ,Unknown Aircraft,531.0345809951175,,,
2023-01-16,N907XJ,CANADAIR REGIONAL JET,CRJ,Unknown Aircraft,531.0345809951175,,,
2023-01-17,N186PQ,CANADAIR REGIONAL JET,CRJ,Unknown Aircraft,531.0345809951175,,,
2023-01-18,N601LR,CANADAIR REGIONAL JET,CRJ,Unknown Aircraft,531.0345809951175,,,
2023-01-19,N135EV,CANADAIR REGIONAL JET,CRJ,Unknown Aircraft,531.0345809951175,,,
2023-01-20,N292PQ,CANADAIR REGIONAL JET,CRJ,Unknown Aircraft,531.0345809951175,,,
2023-01-21,N279PQ,CANADAIR REGIONAL JET,CRJ,Unknown Aircraft,531.0345809951175,,,
2023-01-22,N601LR,CANADAIR REGIONAL JET,CRJ,Unknown Aircraft,531.0345809951175,,,
2023-01-23,N606LR,CANADAIR REGIONAL JET,CRJ,Unknown Aircraft,531.0345809951175,,,
2023-01-24,N295PQ,CANADAIR REGIONAL JET,CRJ,Unknown Aircraft,531.0345809951175,,,
2023-01-25,N313PQ,CANADAIR REGIONAL JET,CRJ,Unknown Aircraft,531.0345809951175,,,
2023-01-26,N146PQ,CANADAIR REGIONAL JET,CRJ,Unknown Aircraft,531.0345809951175,,,
2023-01-27,N923XJ,CANADAIR REGIONAL JET,CRJ,Unknown Aircraft,531.0345809951175,,,
2023-01-28,N923XJ,CANADAIR REGIONAL JET,CRJ,Unknown Aircraft,531.0345809951175,,,
2023-01-29,N337PQ,CANADAIR REGIONAL JET,CRJ,Unknown Aircraft,531.0345809951175,,,
2023-01-30,N923XJ,CANADAIR REGIONAL JET,CRJ,Unknown Aircraft,531.0345809951175,,,
2023-01-31,N314PQ,CANADAIR REGIONAL JET,CRJ,Unknown Aircraft,531.0345809951175,,,
2023-01-09,N181GJ,CANADAIR REGIONAL JET,CRJ,Unknown Aircraft,531.0345809951175,,,
2023-01-10,N937XJ,CANADAIR REGIONAL JET,CRJ,Unknown Aircraft,531.0345809951175,,,
2023-01-11,N604LR,CANADAIR REGIONAL JET,CRJ,Unknown Aircraft,531.0345809951175,,,
2023-01-12,N371CA,CANADAIR REGIONAL JET,CRJ,Unknown Aircraft,531.0345809951175,,,
2023-01-13,N324PQ,CANADAIR REGIONAL JET,CRJ,Unknown Aircraft,531.0345809951175,,,
2023-01-14,N316PQ,CANADAIR REGIONAL JET,CRJ,Unknown Aircraft,531.0345809951175,,,
2023-01-15,N197PQ,CANADAIR REGIONAL JET,CRJ,Unknown Aircraft,531.0345809951175,,,
2023-01-16,N907XJ,CANADAIR REGIONAL JET,CRJ,Unknown Aircraft,531.0345809951175,,,
2023-01-17,N186PQ,CANADAIR REGIONAL JET,CRJ,Unknown Aircraft,531.0345809951175,,,
2023-01-18,N601LR,CANADAIR REGIONAL JET,CRJ,Unknown Aircraft,531.0345809951175,,,
2023-01-19,N135EV,CANADAIR REGIONAL JET,CRJ,Unknown Aircraft,531.0345809951175,,,
2023-01-20,N292PQ,CANADAIR REGIONAL JET,CRJ,Unknown Aircraft,531.0345809951175,,,
2023-01-21,N279PQ,CANADAIR REGIONAL JET,CRJ,Unknown Aircraft,531.0345809951175,,,
2023-01-22,N601LR,CANADAIR REGIONAL JET,CRJ,Unknown Aircraft,531.0345809951175,,,
2023-01-23,N606LR,CANADAIR REGIONAL JET,CRJ,Unknown Aircraft,531.0345809951175,,,
2023-01-24,N295PQ,CANADAIR REGIONAL JET,CRJ,Unknown Aircraft,531.0345809951175,,,
2023-01-25,N313PQ,CANADAIR REGIONAL JET,CRJ,Unknown Aircraft,531.0345809951175,,,
2023-01-26,N146PQ,CANADAIR REGIONAL JET,CRJ,Unknown Aircraft,531.0345809951175,,,
2023-01-27,N923XJ,CANADAIR REGIONAL JET,CRJ,Unknown Aircraft,531.0345809951175,,,
2023-01-28,N923XJ,CANADAIR REGIONAL JET,CRJ,Unknown Aircraft,531.0345809951175,,,
2023-01-29,N337PQ,CANADAIR REGIONAL JET,CRJ,Unknown Aircraft,531.0345809951175,,,
2023-01-30,N923XJ,CANADAIR REGIONAL JET,CRJ,Unknown Aircraft,531.0345809951175,,,
2023-01-31,N314PQ,CANADAIR REGIONAL JET,CRJ,Unknown Aircraft,531.0345809951175,,,
2023-01-08,N136EV,CANADAIR REGIONAL JET,CRJ,Unknown Aircraft,303.40102638735084,,,
2023-01-09,N166PQ,CANADAIR REGIONAL JET,CRJ,Unknown Aircraft,303.40102638735084,,,
2023-01-10,N314PQ,CANADAIR REGIONAL JET,CRJ,Unknown Aircraft,303.40102638735084,,,
2023-01-11,N601LR,CANADAIR REGIONAL JET,CRJ,Unknown Aircraft,303.40102638735084,,,
2023-01-12,N905XJ,CANADAIR REGIONAL JET,CRJ,Unknown Aircraft,303.40102638735084,,,
2023-01-13,N602LR,CANADAIR REGIONAL JET,CRJ,Unknown Aircraft,303.40102638735084,,,
2023-01-14,N304PQ,CANADAIR REGIONAL JET,CRJ,Unknown Aircraft,303.40102638735084,,,
2023-01-15,N301PQ,CANADAIR REGIONAL JET,CRJ,Unknown Aircraft,303.40102638735084,,,
2023-01-16,N305PQ,CANADAIR REGIONAL JET,CRJ,Unknown Aircraft,303.40102638735084,,,
2023-01-17,N272PQ,CANADAIR REGIONAL JET,CRJ,Unknown Aircraft,303.40102638735084,,,
2023-01-18,N197PQ,CANADAIR REGIONAL JET,CRJ,Unknown Aircraft,303.40102638735084,,,
2023-01-19,N605LR,CANADAIR REGIONAL JET,CRJ,Unknown Aircraft,303.40102638735084,,,
2023-01-20,N330PQ,CANADAIR REGIONAL JET,CRJ,Unknown Aircraft,303.40102638735084,,,
2023-01-21,N691CA,CANADAIR REGIONAL JET,CRJ,Unknown Aircraft,303.40102638735084,,,
2023-01-22,N538CA,CANADAIR REGIONAL JET,CRJ,Unknown Aircraft,303.40102638735084,,,
2023-01-23,N678CA,CANADAIR REGIONAL JET,CRJ,Unknown Aircraft,303.40102638735084,,,
2023-01-24,N920XJ,CANADAIR REGIONAL JET,CRJ,Unknown Aircraft,303.40102638735084,,,
2023-01-26,N341PQ,CANADAIR REGIONAL JET,CRJ,Unknown Aircraft,303.40102638735084,,,
2023-01-27,N296PQ,CANADAIR REGIONAL JET,CRJ,Unknown Aircraft,303.40102638735084,,,
2023-01-28,N133EV,CANADAIR REGIONAL JET,CRJ,Unknown Aircraft,303.40102638735084,,,
2023-01-29,N176PQ,CANADAIR REGIONAL JET,CRJ,Unknown Aircraft,303.40102638735084,,,
2023-01-30,N301PQ,CANADAIR REGIONAL JET,CRJ,Unknown Aircraft,303.40102638735084,,,
2023-01-31,N606LR,CANADAIR REGIONAL JET,CRJ,Unknown Aircraft,303.40102638735084,,,
2023-01-01,N197PQ,CANADAIR REGIONAL JET,CRJ,Unknown Aircraft,850.9460728536994,,,
2023-01-02,N303PQ,CANADAIR REGIONAL JET,CRJ,Unknown Aircraft,850.9460728536994,,,
2023-01-03,N183GJ,CANADAIR REGIONAL JET,CRJ,Unknown Aircraft,850.9460728536994,,,
2023-01-04,N136EV,CANADAIR REGIONAL JET,CRJ,Unknown Aircraft,850.9460728536994,,,
2023-01-05,N295PQ,CANADAIR REGIONAL JET,CRJ,Unknown Aircraft,850.9460728536994,,,
2023-01-06,N137EV,CANADAIR REGIONAL JET,CRJ,Unknown Aircraft,850.9460728536994,,,
2023-01-07,N337PQ,CANADAIR REGIONAL JET,CRJ,Unknown Aircraft,850.9460728536994,,,
2023-01-08,N197PQ,CANADAIR REGIONAL JET,CRJ,Unknown Aircraft,850.9460728536994,,,
2023-01-02,N906XJ,CANADAIR REGIONAL JET,CRJ,Unknown Aircraft,1166.3293722732233,,,
2023-01-04,N138EV,CANADAIR REGIONAL JET,CRJ,Unknown Aircraft,1166.3293722732233,,,
2023-01-05,N330PQ,CANADAIR REGIONAL JET,CRJ,Unknown Aircraft,1166.3293722732233,,,
2023-01-06,N302PQ,CANADAIR REGIONAL JET,CRJ,Unknown Aircraft,1166.3293722732233,,,
2023-01-07,N925XJ,CANADAIR REGIONAL JET,CRJ,Unknown Aircraft,1166.3293722732233,,,
2023-01-08,N936XJ,CANADAIR REGIONAL JET,CRJ,Unknown Aircraft,1166.3293722732233,,,
2023-01-02,N906XJ,CANADAIR REGIONAL JET,CRJ,Unknown Aircraft,1166.3293722732233,,,
2023-01-04,N337PQ,CANADAIR REGIONAL JET,CRJ,Unknown Aircraft,1166.3293722732233,,,
2023-01-05,N330PQ,CANADAIR REGIONAL JET,CRJ,Unknown Aircraft,1166.3293722732233,,,
2023-01-06,N324PQ,CANADAIR REGIONAL JET,CRJ,Unknown Aircraft,1166.3293722732233,,,
2023-01-07,N136EV,CANADAIR REGIONAL JET,CRJ,Unknown Aircraft,1166.3293722732233,,,
2023-01-08,N936XJ,CANADAIR REGIONAL JET,CRJ,Unknown Aircraft,1166.3293722732233,,,
2023-01-09,N228PQ,CANADAIR REGIONAL JET,CRJ,Unknown Aircraft,295.348868894413,,,
2023-01-10,N305PQ,CANADAIR REGIONAL JET,CRJ,Unknown Aircraft,295.348868894413,,,
2023-01-12,N301PQ,CANADAIR REGIONAL JET,CRJ,Unknown Aircraft,295.348868894413,,,
2023-01-13,N331PQ,CANADAIR REGIONAL JET,CRJ,Unknown Aircraft,295.348868894413,,,
2023-01-14,N228PQ,CANADAIR REGIONAL JET,CRJ,Unknown Aircraft,295.348868894413,,,
2023-01-15,N272PQ,CANADAIR REGIONAL JET,CRJ,Unknown Aircraft,295.348868894413,,,
2023-01-16,N335PQ,CANADAIR REGIONAL JET,CRJ,Unknown Aircraft,295.348868894413,,,
2023-01-17,N330PQ,CANADAIR REGIONAL JET,CRJ,Unknown Aircraft,295.348868894413,,,
2023-01-18,N913XJ,CANADAIR REGIONAL JET,CRJ,Unknown Aircraft,295.348868894413,,,
2023-01-19,N232PQ,CANADAIR REGIONAL JET,CRJ,Unknown Aircraft,295.348868894413,,,
2023-01-20,N600LR,CANADAIR REGIONAL JET,CRJ,Unknown Aircraft,295.348868894413,,,
2023-01-21,N195PQ,CANADAIR REGIONAL JET,CRJ,Unknown Aircraft,295.348868894413,,,
2023-01-22,N181PQ,CANADAIR REGIONAL JET,CRJ,Unknown Aircraft,295.348868894413,,,
2023-01-23,N341PQ,CANADAIR REGIONAL JET,CRJ,Unknown Aircraft,295.348868894413,,,
2023-01-24,N906XJ,CANADAIR REGIONAL JET,CRJ,Unknown Aircraft,295.348868894413,,,
2023-01-26,N186PQ,CANADAIR REGIONAL JET,CRJ,Unknown Aircraft,295.348868894413,,,
2023-01-27,N186PQ,CANADAIR REGIONAL JET,CRJ,Unknown Aircraft,295.348868894413,,,
2023-01-28,N314PQ,CANADAIR REGIONAL JET,CRJ,Unknown Aircraft,295.348868894413,,,
2023-01-29,N279PQ,CANADAIR REGIONAL JET,CRJ,Unknown Aircraft,295.348868894413,,,
2023-01-30,N931XJ,CANADAIR REGIONAL JET,CRJ,Unknown Aircraft,295.348868894413,,,
2023-01-31,N908XJ,CANADAIR REGIONAL JET,CRJ,Unknown Aircraft,295.348868894413,,,
2023-01-09,N228PQ,CANADAIR REGIONAL JET,CRJ,Unknown Aircraft,295.348868894413,,,
2023-01-10,N305PQ,CANADAIR REGIONAL JET,CRJ,Unknown Aircraft,295.348868894413,,,
2023-01-12,N301PQ,CANADAIR REGIONAL JET,CRJ,Unknown Aircraft,295.348868894413,,,
2023-01-13,N331PQ,CANADAIR REGIONAL JET,CRJ,Unknown Aircraft,295.348868894413,,,
2023-01-14,N228PQ,CANADAIR REGIONAL JET,CRJ,Unknown Aircraft,295.348868894413,,,
2023-01-15,N272PQ,CANADAIR REGIONAL JET,CRJ,Unknown Aircraft,295.348868894413,,,
2023-01-16,N335PQ,CANADAIR REGIONAL JET,CRJ,Unknown Aircraft,295.348868894413,,,
2023-01-17,N330PQ,CANADAIR REGIONAL JET,CRJ,Unknown Aircraft,295.348868894413,,,
2023-01-18,N913XJ,CANADAIR REGIONAL JET,CRJ,Unknown Aircraft,295.348868894413,,,
2023-01-19,N232PQ,CANADAIR REGIONAL JET,CRJ,Unknown Aircraft,295.348868894413,,,
2023-01-20,N600LR,CANADAIR REGIONAL JET,CRJ,Unknown Aircraft,295.348868894413,,,
2023-01-21,N195PQ,CANADAIR REGIONAL JET,CRJ,Unknown Aircraft,295.348868894413,,,
2023-01-22,N181PQ,CANADAIR REGIONAL JET,CRJ,Unknown Aircraft,295.348868894413,,,
2023-01-23,N341PQ,CANADAIR REGIONAL JET,CRJ,Unknown Aircraft,295.348868894413,,,
2023-01-24,N906XJ,CANADAIR REGIONAL JET,CRJ,Unknown Aircraft,295.348868894413,,,
2023-01-25,N335PQ,CANADAIR REGIONAL JET,CRJ,Unknown Aircraft,295.348868894413,,,
2023-01-26,N186PQ,CANADAIR REGIONAL JET,CRJ,Unknown Aircraft,295.348868894413,,,
2023-01-27,N186PQ,CANADAIR REGIONAL JET,CRJ,Unknown Aircraft,295.348868894413,,,
2023-01-28,N314PQ,CANADAIR REGIONAL JET,CRJ,Unknown Aircraft,295.348868894413,,,
2023-01-29,N279PQ,CANADAIR REGIONAL JET,CRJ,Unknown Aircraft,295.348868894413,,,
2023-01-30,N931XJ,CANADAIR REGIONAL JET,CRJ,Unknown Aircraft,295.348868894413,,,
2023-01-31,N908XJ,CANADAIR REGIONAL JET,CRJ,Unknown Aircraft,295.348868894413,,,
2023-01-08,N316PQ,CANADAIR REGIONAL JET,CRJ,Unknown Aircraft,651.6761863951978,,,
2023-01-09,N309PQ,CANADAIR REGIONAL JET,CRJ,Unknown Aircraft,354.65478782640173,,,
2023-01-10,N910XJ,CANADAIR REGIONAL JET,CRJ,Unknown Aircraft,354.65478782640173,,,
2023-01-11,N600LR,CANADAIR REGIONAL JET,CRJ,Unknown Aircraft,354.65478782640173,,,
2023-01-12,N348PQ,CANADAIR REGIONAL JET,CRJ,Unknown Aircraft,354.65478782640173,,,
2023-01-13,N932XJ,CANADAIR REGIONAL JET,CRJ,Unknown Aircraft,354.65478782640173,,,
2023-01-14,N908XJ,CANADAIR REGIONAL JET,CRJ,Unknown Aircraft,354.65478782640173,,,
2023-01-15,N935XJ,CANADAIR REGIONAL JET,CRJ,Unknown Aircraft,354.65478782640173,,,
2023-01-16,N182GJ,CANADAIR REGIONAL JET,CRJ,Unknown Aircraft,354.65478782640173,,,
2023-01-17,N136EV,CANADAIR REGIONAL JET,CRJ,Unknown Aircraft,354.65478782640173,,,
2023-01-19,N182GJ,CANADAIR REGIONAL JET,CRJ,Unknown Aircraft,354.65478782640173,,,
2023-01-20,N921XJ,CANADAIR REGIONAL JET,CRJ,Unknown Aircraft,354.65478782640173,,,
2023-01-21,N200PQ,CANADAIR REGIONAL JET,CRJ,Unknown Aircraft,354.65478782640173,,,
2023-01-22,N695CA,CANADAIR REGIONAL JET,CRJ,Unknown Aircraft,354.65478782640173,,,
2023-01-23,N200PQ,CANADAIR REGIONAL JET,CRJ,Unknown Aircraft,354.65478782640173,,,
2023-01-24,N272PQ,CANADAIR REGIONAL JET,CRJ,Unknown Aircraft,354.65478782640173,,,
2023-01-25,N932XJ,CANADAIR REGIONAL JET,CRJ,Unknown Aircraft,354.65478782640173,,,
2023-01-26,N348PQ,CANADAIR REGIONAL JET,CRJ,Unknown Aircraft,354.65478782640173,,,
2023-01-27,N906XJ,CANADAIR REGIONAL JET,CRJ,Unknown Aircraft,354.65478782640173,,,
2023-01-28,N303PQ,CANADAIR REGIONAL JET,CRJ,Unknown Aircraft,354.65478782640173,,,
2023-01-29,N197PQ,CANADAIR REGIONAL JET,CRJ,Unknown Aircraft,354.65478782640173,,,
2023-01-30,N604LR,CANADAIR REGIONAL JET,CRJ,Unknown Aircraft,354.65478782640173,,,
2023-01-31,N319PQ,CANADAIR REGIONAL JET,CRJ,Unknown Aircraft,354.65478782640173,,,
2023-01-09,N906XJ,CANADAIR REGIONAL JET,CRJ,Unknown Aircraft,1057.6109144830011,,,
2023-01-10,N329PQ,CANADAIR REGIONAL JET,CRJ,Unknown Aircraft,1057.6109144830011,,,
2023-01-11,N691CA,CANADAIR REGIONAL JET,CRJ,Unknown Aircraft,1057.6109144830011,,,
2023-01-12,N917XJ,CANADAIR REGIONAL JET,CRJ,Unknown Aircraft,1057.6109144830011,,,
2023-01-13,N166PQ,CANADAIR REGIONAL JET,CRJ,Unknown Aircraft,1057.6109144830011,,,
2023-01-15,N902XJ,CANADAIR REGIONAL JET,CRJ,Unknown Aircraft,1057.6109144830011,,,
2023-01-16,N607LR,CANADAIR REGIONAL JET,CRJ,Unknown Aircraft,1057.6109144830011,,,
2023-01-17,N925XJ,CANADAIR REGIONAL JET,CRJ,Unknown Aircraft,1057.6109144830011,,,
2023-01-18,N176PQ,CANADAIR REGIONAL JET,CRJ,Unknown Aircraft,1057.6109144830011,,,
2023-01-19,N320PQ,CANADAIR REGIONAL JET,CRJ,Unknown Aircraft,1057.6109144830011,,,
2023-01-20,N931XJ,CANADAIR REGIONAL JET,CRJ,Unknown Aircraft,1057.6109144830011,,,
2023-01-24,N326PQ,CANADAIR REGIONAL JET,CRJ,Unknown Aircraft,1057.6109144830011,,,
2023-01-25,N298PQ,CANADAIR REGIONAL JET,CRJ,Unknown Aircraft,1057.6109144830011,,,
2023-01-26,N176PQ,CANADAIR REGIONAL JET,CRJ,Unknown Aircraft,1057.6109144830011,,,
2023-01-27,N937XJ,CANADAIR REGIONAL JET,CRJ,Unknown Aircraft,1057.6109144830011,,,
2023-01-30,N195PQ,CANADAIR REGIONAL JET,CRJ,Unknown Aircraft,1057.6109144830011,,,
2023-01-31,N915XJ,CANADAIR REGIONAL JET,CRJ,Unknown Aircraft,1057.6109144830011,,,
2023-01-09,N325PQ,CANADAIR REGIONAL JET,CRJ,Unknown Aircraft,819.4344821133602,,,
2023-01-10,N602LR,CANADAIR REGIONAL JET,CRJ,Unknown Aircraft,819.4344821133602,,,
2023-01-11,N927XJ,CANADAIR REGIONAL JET,CRJ,Unknown Aircraft,819.4344821133602,,,
2023-01-12,N132EV,CANADAIR REGIONAL JET,CRJ,Unknown Aircraft,819.4344821133602,,,
2023-01-13,N294PQ,CANADAIR REGIONAL JET,CRJ,Unknown Aircraft,819.4344821133602,,,
2023-01-14,N315PQ,CANADAIR REGIONAL JET,CRJ,Unknown Aircraft,244.75624973769013,,,
2023-01-21,N923XJ,CANADAIR REGIONAL JET,CRJ,Unknown Aircraft,244.75624973769013,,,
2023-01-28,N337PQ,CANADAIR REGIONAL JET,CRJ,Unknown Aircraft,244.75624973769013,,,
2023-01-01,N8877A,CANADAIR REGIONAL JET,CRJ,Unknown Aircraft,605.721236378773,,,
2023-01-02,N935XJ,CANADAIR REGIONAL JET,CRJ,Unknown Aircraft,605.721236378773,,,
2023-01-03,N835AY,CANADAIR REGIONAL JET,CRJ,Unknown Aircraft,605.721236378773,,,
2023-01-04,N8970D,CANADAIR REGIONAL JET,CRJ,Unknown Aircraft,605.721236378773,,,
2023-01-05,N8968E,CANADAIR REGIONAL JET,CRJ,Unknown Aircraft,605.721236378773,,,
2023-01-06,N371CA,CANADAIR REGIONAL JET,CRJ,Unknown Aircraft,605.721236378773,,,
2023-01-07,N926XJ,CANADAIR REGIONAL JET,CRJ,Unknown Aircraft,605.721236378773,,,
2023-01-08,N601XJ,CANADAIR REGIONAL JET,CRJ,Unknown Aircraft,605.721236378773,,,
2023-01-09,N319PQ,CANADAIR REGIONAL JET,CRJ,Unknown Aircraft,913.4696097018846,,,
2023-01-10,N313PQ,CANADAIR REGIONAL JET,CRJ,Unknown Aircraft,913.4696097018846,,,
2023-01-11,N600LR,CANADAIR REGIONAL JET,CRJ,Unknown Aircraft,913.4696097018846,,,
2023-01-12,N676CA,CANADAIR REGIONAL JET,CRJ,Unknown Aircraft,913.4696097018846,,,
2023-01-13,N137EV,CANADAIR REGIONAL JET,CRJ,Unknown Aircraft,913.4696097018846,,,
2023-01-16,N331PQ,CANADAIR REGIONAL JET,CRJ,Unknown Aircraft,913.4696097018846,,,
2023-01-17,N602LR,CANADAIR REGIONAL JET,CRJ,Unknown Aircraft,913.4696097018846,,,
2023-01-18,N921XJ,CANADAIR REGIONAL JET,CRJ,Unknown Aircraft,913.4696097018846,,,
2023-01-19,N133EV,CANADAIR REGIONAL JET,CRJ,Unknown Aircraft,913.4696097018846,,,
2023-01-20,N602LR,CANADAIR REGIONAL JET,CRJ,Unknown Aircraft,913.4696097018846,,,
2023-01-23,N305PQ,CANADAIR REGIONAL JET,CRJ,Unknown Aircraft,913.4696097018846,,,
2023-01-24,N311PQ,CANADAIR REGIONAL JET,CRJ,Unknown Aircraft,913.4696097018846,,,
2023-01-25,N320PQ,CANADAIR REGIONAL JET,CRJ,Unknown Aircraft,913.4696097018846,,,
2023-01-26,N296PQ,CANADAIR REGIONAL JET,CRJ,Unknown Aircraft,913.4696097018846,,,
2023-01-27,N607LR,CANADAIR REGIONAL JET,CRJ,Unknown Aircraft,913.4696097018846,,,
2023-01-30,N314PQ,CANADAIR REGIONAL JET,CRJ,Unknown Aircraft,913.4696097018846,,,
2023-01-31,N308PQ,CANADAIR REGIONAL JET,CRJ,Unknown Aircraft,913.4696097018846,,,
2023-01-01,N8877A,CANADAIR REGIONAL JET,CRJ,Unknown Aircraft,605.721236378773,,,
2023-01-02,N935XJ,CANADAIR REGIONAL JET,CRJ,Unknown Aircraft,605.721236378773,,,
2023-01-03,N835AY,CANADAIR REGIONAL JET,CRJ,Unknown Aircraft,605.721236378773,,,
2023-01-04,N8970D,CANADAIR REGIONAL JET,CRJ,Unknown Aircraft,605.721236378773,,,
2023-01-05,N8968E,CANADAIR REGIONAL JET,CRJ,Unknown Aircraft,605.721236378773,,,
2023-01-06,N371CA,CANADAIR REGIONAL JET,CRJ,Unknown Aircraft,605.721236378773,,,
2023-01-07,N926XJ,CANADAIR REGIONAL JET,CRJ,Unknown Aircraft,605.721236378773,,,
2023-01-08,N601XJ,CANADAIR REGIONAL JET,CRJ,Unknown Aircraft,605.721236378773,,,
2023-01-09,N340CA,CANADAIR REGIONAL JET,CRJ,Unknown Aircraft,584.6499528876948,,,
2023-01-10,N367CA,CANADAIR REGIONAL JET,CRJ,Unknown Aircraft,584.6499528876948,,,
2023-01-11,N368CA,CANADAIR REGIONAL JET,CRJ,Unknown Aircraft,584.6499528876948,,,
2023-01-12,N300PQ,CANADAIR REGIONAL JET,CRJ,Unknown Aircraft,584.6499528876948,,,
2023-01-13,N368CA,CANADAIR REGIONAL JET,CRJ,Unknown Aircraft,584.6499528876948,,,
2023-01-14,N197PQ,CANADAIR REGIONAL JET,CRJ,Unknown Aircraft,584.6499528876948,,,
2023-01-15,N655CA,CANADAIR REGIONAL JET,CRJ,Unknown Aircraft,584.6499528876948,,,
2023-01-17,N376CA,CANADAIR REGIONAL JET,CRJ,Unknown Aircraft,584.6499528876948,,,
2023-01-18,N371CA,CANADAIR REGIONAL JET,CRJ,Unknown Aircraft,584.6499528876948,,,
2023-01-21,N292PQ,CANADAIR REGIONAL JET,CRJ,Unknown Aircraft,584.6499528876948,,,
2023-01-24,N606LR,CANADAIR REGIONAL JET,CRJ,Unknown Aircraft,584.6499528876948,,,
2023-01-25,N931XJ,CANADAIR REGIONAL JET,CRJ,Unknown Aircraft,584.6499528876948,,,
2023-01-28,N935XJ,CANADAIR REGIONAL JET,CRJ,Unknown Aircraft,584.6499528876948,,,
2023-01-31,N324PQ,CANADAIR REGIONAL JET,CRJ,Unknown Aircraft,584.6499528876948,,,
2023-01-01,N335PQ,CANADAIR REGIONAL JET,CRJ,Unknown Aircraft,354.65478782640173,,,
2023-01-02,N932XJ,CANADAIR REGIONAL JET,CRJ,Unknown Aircraft,354.65478782640173,,,
2023-01-04,N330PQ,CANADAIR REGIONAL JET,CRJ,Unknown Aircraft,354.65478782640173,,,
2023-01-05,N330PQ,CANADAIR REGIONAL JET,CRJ,Unknown Aircraft,354.65478782640173,,,
2023-01-06,N306PQ,CANADAIR REGIONAL JET,CRJ,Unknown Aircraft,354.65478782640173,,,
2023-01-07,N925XJ,CANADAIR REGIONAL JET,CRJ,Unknown Aircraft,354.65478782640173,,,
2023-01-08,N184GJ,CANADAIR REGIONAL JET,CRJ,Unknown Aircraft,354.65478782640173,,,
2023-01-09,N340CA,CANADAIR REGIONAL JET,CRJ,Unknown Aircraft,584.6499528876948,,,
2023-01-10,N367CA,CANADAIR REGIONAL JET,CRJ,Unknown Aircraft,584.6499528876948,,,
2023-01-11,N368CA,CANADAIR REGIONAL JET,CRJ,Unknown Aircraft,584.6499528876948,,,
2023-01-12,N300PQ,CANADAIR REGIONAL JET,CRJ,Unknown Aircraft,584.6499528876948,,,
2023-01-13,N368CA,CANADAIR REGIONAL JET,CRJ,Unknown Aircraft,584.6499528876948,,,
2023-01-14,N197PQ,CANADAIR REGIONAL JET,CRJ,Unknown Aircraft,584.6499528876948,,,
2023-01-15,N655CA,CANADAIR REGIONAL JET,CRJ,Unknown Aircraft,584.6499528876948,,,
2023-01-17,N376CA,CANADAIR REGIONAL JET,CRJ,Unknown Aircraft,584.6499528876948,,,
2023-01-18,N371CA,CANADAIR REGIONAL JET,CRJ,Unknown Aircraft,584.6499528876948,,,
2023-01-21,N292PQ,CANADAIR REGIONAL JET,CRJ,Unknown Aircraft,584.6499528876948,,,
2023-01-24,N606LR,CANADAIR REGIONAL JET,CRJ,Unknown Aircraft,584.6499528876948,,,
2023-01-25,N931XJ,CANADAIR REGIONAL JET,CRJ,Unknown Aircraft,584.6499528876948,,,
2023-01-28,N337PQ,CANADAIR REGIONAL JET,CRJ,Unknown Aircraft,584.6499528876948,,,
2023-01-31,N324PQ,CANADAIR REGIONAL JET,CRJ,Unknown Aircraft,584.6499528876948,,,
2023-01-09,N913XJ,CANADAIR REGIONAL JET,CRJ,Unknown Aircraft,608.2382471797808,,,
2023-01-10,N336PQ,CANADAIR REGIONAL JET,CRJ,Unknown Aircraft,608.2382471797808,,,
2023-01-11,N166PQ,CANADAIR REGIONAL JET,CRJ,Unknown Aircraft,608.2382471797808,,,
2023-01-12,N917XJ,CANADAIR REGIONAL JET,CRJ,Unknown Aircraft,608.2382471797808,,,
2023-01-13,N315PQ,CANADAIR REGIONAL JET,CRJ,Unknown Aircraft,608.2382471797808,,,
2023-01-14,N279PQ,CANADAIR REGIONAL JET,CRJ,Unknown Aircraft,608.2382471797808,,,
2023-01-17,N183GJ,CANADAIR REGIONAL JET,CRJ,Unknown Aircraft,608.2382471797808,,,
2023-01-18,N933XJ,CANADAIR REGIONAL JET,CRJ,Unknown Aircraft,608.2382471797808,,,
2023-01-19,N932XJ,CANADAIR REGIONAL JET,CRJ,Unknown Aircraft,608.2382471797808,,,
2023-01-20,N183GJ,CANADAIR REGIONAL JET,CRJ,Unknown Aircraft,608.2382471797808,,,
2023-01-21,N604LR,CANADAIR REGIONAL JET,CRJ,Unknown Aircraft,608.2382471797808,,,
2023-01-23,N313PQ,CANADAIR REGIONAL JET,CRJ,Unknown Aircraft,608.2382471797808,,,
2023-01-24,N133EV,CANADAIR REGIONAL JET,CRJ,Unknown Aircraft,608.2382471797808,,,
2023-01-25,N136EV,CANADAIR REGIONAL JET,CRJ,Unknown Aircraft,608.2382471797808,,,
2023-01-26,N914XJ,CANADAIR REGIONAL JET,CRJ,Unknown Aircraft,608.2382471797808,,,
2023-01-27,N915XJ,CANADAIR REGIONAL JET,CRJ,Unknown Aircraft,608.2382471797808,,,
2023-01-28,N936XJ,CANADAIR REGIONAL JET,CRJ,Unknown Aircraft,608.2382471797808,,,
2023-01-29,N304PQ,CANADAIR REGIONAL JET,CRJ,Unknown Aircraft,608.2382471797808,,,
2023-01-30,N200PQ,CANADAIR REGIONAL JET,CRJ,Unknown Aircraft,608.2382471797808,,,
2023-01-31,N329PQ,CANADAIR REGIONAL JET,CRJ,Unknown Aircraft,608.2382471797808,,,
2023-01-02,N582CA,CANADAIR REGIONAL JET,CRJ,Unknown Aircraft,734.3928287706536,,,
2023-01-03,N601LR,CANADAIR REGIONAL JET,CRJ,Unknown Aircraft,734.3928287706536,,,
2023-01-04,N182GJ,CANADAIR REGIONAL JET,CRJ,Unknown Aircraft,734.3928287706536,,,
2023-01-05,N601LR,CANADAIR REGIONAL JET,CRJ,Unknown Aircraft,734.3928287706536,,,
2023-01-06,N326PQ,CANADAIR REGIONAL JET,CRJ,Unknown Aircraft,734.3928287706536,,,
2023-01-08,N132EV,CANADAIR REGIONAL JET,CRJ,Unknown Aircraft,734.3928287706536,,,
2023-01-09,N695CA,CANADAIR REGIONAL JET,CRJ,Unknown Aircraft,686.4921687222915,,,
2023-01-10,N137EV,CANADAIR REGIONAL JET,CRJ,Unknown Aircraft,686.4921687222915,,,
2023-01-11,N305PQ,CANADAIR REGIONAL JET,CRJ,Unknown Aircraft,686.4921687222915,,,
2023-01-12,N176PQ,CANADAIR REGIONAL JET,CRJ,Unknown Aircraft,686.4921687222915,,,
2023-01-13,N279PQ,CANADAIR REGIONAL JET,CRJ,Unknown Aircraft,686.4921687222915,,,
2023-01-14,N602LR,CANADAIR REGIONAL JET,CRJ,Unknown Aircraft,686.4921687222915,,,
2023-01-15,N607LR,CANADAIR REGIONAL JET,CRJ,Unknown Aircraft,686.4921687222915,,,
2023-01-16,N920XJ,CANADAIR REGIONAL JET,CRJ,Unknown Aircraft,686.4921687222915,,,
2023-01-17,N304PQ,CANADAIR REGIONAL JET,CRJ,Unknown Aircraft,686.4921687222915,,,
2023-01-18,N926XJ,CANADAIR REGIONAL JET,CRJ,Unknown Aircraft,686.4921687222915,,,
2023-01-19,N310PQ,CANADAIR REGIONAL JET,CRJ,Unknown Aircraft,686.4921687222915,,,
2023-01-20,N913XJ,CANADAIR REGIONAL JET,CRJ,Unknown Aircraft,686.4921687222915,,,
2023-01-21,N301PQ,CANADAIR REGIONAL JET,CRJ,Unknown Aircraft,686.4921687222915,,,
2023-01-22,N538CA,CANADAIR REGIONAL JET,CRJ,Unknown Aircraft,686.4921687222915,,,
2023-01-23,N607LR,CANADAIR REGIONAL JET,CRJ,Unknown Aircraft,686.4921687222915,,,
2023-01-24,N607LR,CANADAIR REGIONAL JET,CRJ,Unknown Aircraft,686.4921687222915,,,
2023-01-26,N131EV,CANADAIR REGIONAL JET,CRJ,Unknown Aircraft,686.4921687222915,,,
2023-01-27,N308PQ,CANADAIR REGIONAL JET,CRJ,Unknown Aircraft,686.4921687222915,,,
2023-01-28,N908XJ,CANADAIR REGIONAL JET,CRJ,Unknown Aircraft,686.4921687222915,,,
2023-01-29,N184GJ,CANADAIR REGIONAL JET,CRJ,Unknown Aircraft,686.4921687222915,,,
2023-01-30,N605LR,CANADAIR REGIONAL JET,CRJ,Unknown Aircraft,686.4921687222915,,,
2023-01-31,N932XJ,CANADAIR REGIONAL JET,CRJ,Unknown Aircraft,686.4921687222915,,,
2023-01-09,N310PQ,CANADAIR REGIONAL JET,CRJ,Unknown Aircraft,696.540693761032,,,
2023-01-10,N316PQ,CANADAIR REGIONAL JET,CRJ,Unknown Aircraft,696.540693761032,,,
2023-01-11,N330PQ,CANADAIR REGIONAL JET,CRJ,Unknown Aircraft,696.540693761032,,,
2023-01-12,N310PQ,CANADAIR REGIONAL JET,CRJ,Unknown Aircraft,696.540693761032,,,
2023-01-13,N929XJ,CANADAIR REGIONAL JET,CRJ,Unknown Aircraft,696.540693761032,,,
2023-01-14,N907XJ,CANADAIR REGIONAL JET,CRJ,Unknown Aircraft,696.540693761032,,,
2023-01-15,N923XJ,CANADAIR REGIONAL JET,CRJ,Unknown Aircraft,696.540693761032,,,
2023-01-16,N313PQ,CANADAIR REGIONAL JET,CRJ,Unknown Aircraft,696.540693761032,,,
2023-01-17,N146PQ,CANADAIR REGIONAL JET,CRJ,Unknown Aircraft,696.540693761032,,,
2023-01-18,N299PQ,CANADAIR REGIONAL JET,CRJ,Unknown Aircraft,696.540693761032,,,
2023-01-19,N306PQ,CANADAIR REGIONAL JET,CRJ,Unknown Aircraft,696.540693761032,,,
2023-01-09,N310PQ,CANADAIR REGIONAL JET,CRJ,Unknown Aircraft,696.540693761032,,,
2023-01-10,N316PQ,CANADAIR REGIONAL JET,CRJ,Unknown Aircraft,696.540693761032,,,
2023-01-11,N330PQ,CANADAIR REGIONAL JET,CRJ,Unknown Aircraft,696.540693761032,,,
2023-01-12,N310PQ,CANADAIR REGIONAL JET,CRJ,Unknown Aircraft,696.540693761032,,,
2023-01-13,N929XJ,CANADAIR REGIONAL JET,CRJ,Unknown Aircraft,696.540693761032,,,
2023-01-14,N907XJ,CANADAIR REGIONAL JET,CRJ,Unknown Aircraft,696.540693761032,,,
2023-01-15,N923XJ,CANADAIR REGIONAL JET,CRJ,Unknown Aircraft,696.540693761032,,,
2023-01-16,N313PQ,CANADAIR REGIONAL JET,CRJ,Unknown Aircraft,696.540693761032,,,
2023-01-17,N146PQ,CANADAIR REGIONAL JET,CRJ,Unknown Aircraft,696.540693761032,,,
2023-01-18,N299PQ,CANADAIR REGIONAL JET,CRJ,Unknown Aircraft,696.540693761032,,,
2023-01-19,N306PQ,CANADAIR REGIONAL JET,CRJ,Unknown Aircraft,696.540693761032,,,
2023-01-09,N371CA,CANADAIR REGIONAL JET,CRJ,Unknown Aircraft,1042.716158694576,,,
2023-01-12,N367CA,CANADAIR REGIONAL JET,CRJ,Unknown Aircraft,1042.716158694576,,,
2023-01-13,N376CA,CANADAIR REGIONAL JET,CRJ,Unknown Aircraft,1042.716158694576,,,
2023-01-14,N367CA,CANADAIR REGIONAL JET,CRJ,Unknown Aircraft,1042.716158694576,,,
2023-01-15,N371CA,CANADAIR REGIONAL JET,CRJ,Unknown Aircraft,1042.716158694576,,,
2023-01-16,N376CA,CANADAIR REGIONAL JET,CRJ,Unknown Aircraft,1042.716158694576,,,
2023-01-19,N368CA,CANADAIR REGIONAL JET,CRJ,Unknown Aircraft,1042.716158694576,,,
2023-01-20,N376CA,CANADAIR REGIONAL JET,CRJ,Unknown Aircraft,1042.716158694576,,,
2023-01-21,N371CA,CANADAIR REGIONAL JET,CRJ,Unknown Aircraft,1042.716158694576,,,
2023-01-22,N376CA,CANADAIR REGIONAL JET,CRJ,Unknown Aircraft,1042.716158694576,,,
2023-01-23,N391CA,CANADAIR REGIONAL JET,CRJ,Unknown Aircraft,1042.716158694576,,,
2023-01-26,N391CA,CANADAIR REGIONAL JET,CRJ,Unknown Aircraft,1042.716158694576,,,
2023-01-27,N376CA,CANADAIR REGIONAL JET,CRJ,Unknown Aircraft,1042.716158694576,,,
2023-01-28,N391CA,CANADAIR REGIONAL JET,CRJ,Unknown Aircraft,1042.716158694576,,,
2023-01-29,N391CA,CANADAIR REGIONAL JET,CRJ,Unknown Aircraft,1042.716158694576,,,
2023-01-30,N390CA,CANADAIR REGIONAL JET,CRJ,Unknown Aircraft,1042.716158694576,,,
2023-01-09,N309PQ,CANADAIR REGIONAL JET,CRJ,Unknown Aircraft,913.4696097018846,,,
2023-01-10,N314PQ,CANADAIR REGIONAL JET,CRJ,Unknown Aircraft,913.4696097018846,,,
2023-01-11,N325PQ,CANADAIR REGIONAL JET,CRJ,Unknown Aircraft,913.4696097018846,,,
2023-01-12,N926XJ,CANADAIR REGIONAL JET,CRJ,Unknown Aircraft,913.4696097018846,,,
2023-01-13,N182GJ,CANADAIR REGIONAL JET,CRJ,Unknown Aircraft,913.4696097018846,,,
2023-01-16,N279PQ,CANADAIR REGIONAL JET,CRJ,Unknown Aircraft,913.4696097018846,,,
2023-01-17,N137EV,CANADAIR REGIONAL JET,CRJ,Unknown Aircraft,913.4696097018846,,,
2023-01-18,N197PQ,CANADAIR REGIONAL JET,CRJ,Unknown Aircraft,913.4696097018846,,,
2023-01-19,N936XJ,CANADAIR REGIONAL JET,CRJ,Unknown Aircraft,913.4696097018846,,,
2023-01-20,N921XJ,CANADAIR REGIONAL JET,CRJ,Unknown Aircraft,913.4696097018846,,,
2023-01-23,N200PQ,CANADAIR REGIONAL JET,CRJ,Unknown Aircraft,913.4696097018846,,,
2023-01-24,N538CA,CANADAIR REGIONAL JET,CRJ,Unknown Aircraft,913.4696097018846,,,
2023-01-25,N329PQ,CANADAIR REGIONAL JET,CRJ,Unknown Aircraft,913.4696097018846,,,
2023-01-26,N607LR,CANADAIR REGIONAL JET,CRJ,Unknown Aircraft,913.4696097018846,,,
2023-01-27,N538CA,CANADAIR REGIONAL JET,CRJ,Unknown Aircraft,913.4696097018846,,,
2023-01-30,N910XJ,CANADAIR REGIONAL JET,CRJ,Unknown Aircraft,913.4696097018846,,,
2023-01-31,N197PQ,CANADAIR REGIONAL JET,CRJ,Unknown Aircraft,913.4696097018846,,,
2023-01-02,N166PQ,CANADAIR REGIONAL JET,CRJ,Unknown Aircraft,1155.4694050643088,,,
2023-01-03,N304PQ,CANADAIR REGIONAL JET,CRJ,Unknown Aircraft,1155.4694050643088,,,
2023-01-04,N907XJ,CANADAIR REGIONAL JET,CRJ,Unknown Aircraft,1155.4694050643088,,,
2023-01-05,N200PQ,CANADAIR REGIONAL JET,CRJ,Unknown Aircraft,1155.4694050643088,,,
2023-01-06,N678CA,CANADAIR REGIONAL JET,CRJ,Unknown Aircraft,1155.4694050643088,,,
2023-01-07,N930XJ,CANADAIR REGIONAL JET,CRJ,Unknown Aircraft,1155.4694050643088,,,
2023-01-08,N301PQ,CANADAIR REGIONAL JET,CRJ,Unknown Aircraft,1155.4694050643088,,,
2023-01-15,N131EV,CANADAIR REGIONAL JET,CRJ,Unknown Aircraft,874.9312349692087,,,
2023-01-22,N310PQ,CANADAIR REGIONAL JET,CRJ,Unknown Aircraft,874.9312349692087,,,
2023-01-29,N292PQ,CANADAIR REGIONAL JET,CRJ,Unknown Aircraft,874.9312349692087,,,
2023-01-22,N310PQ,CANADAIR REGIONAL JET,CRJ,Unknown Aircraft,874.9312349692087,,,
2023-01-29,N292PQ,CANADAIR REGIONAL JET,CRJ,Unknown Aircraft,874.9312349692087,,,
2023-01-01,N490PX,CANADAIR REGIONAL JET,CRJ,Unknown Aircraft,693.0060073967181,,,
2023-01-02,N491PX,CANADAIR REGIONAL JET,CRJ,Unknown Aircraft,693.0060073967181,,,
2023-01-03,N491PX,CANADAIR REGIONAL JET,CRJ,Unknown Aircraft,693.0060073967181,,,
2023-01-04,N916XJ,CANADAIR REGIONAL JET,CRJ,Unknown Aircraft,693.0060073967181,,,
2023-01-05,N914XJ,CANADAIR REGIONAL JET,CRJ,Unknown Aircraft,693.0060073967181,,,
2023-01-06,N914XJ,CANADAIR REGIONAL JET,CRJ,Unknown Aircraft,693.0060073967181,,,
2023-01-07,N922XJ,CANADAIR REGIONAL JET,CRJ,Unknown Aircraft,693.0060073967181,,,
2023-01-08,N336PQ,CANADAIR REGIONAL JET,CRJ,Unknown Aircraft,693.0060073967181,,,
2023-01-08,N336PQ,CANADAIR REGIONAL JET,CRJ,Unknown Aircraft,693.0060073967181,,,
2023-01-02,N480PX,CANADAIR REGIONAL JET,CRJ,Unknown Aircraft,1425.0305785294995,,,
2023-01-03,N904XJ,CANADAIR REGIONAL JET,CRJ,Unknown Aircraft,1425.0305785294995,,,
2023-01-04,N904XJ,CANADAIR REGIONAL JET,CRJ,Unknown Aircraft,1425.0305785294995,,,
2023-01-05,N479PX,CANADAIR REGIONAL JET,CRJ,Unknown Aircraft,1425.0305785294995,,,
2023-01-06,N479PX,CANADAIR REGIONAL JET,CRJ,Unknown Aircraft,1425.0305785294995,,,
2023-01-07,N917XJ,CANADAIR REGIONAL JET,CRJ,Unknown Aircraft,1425.0305785294995,,,
2023-01-07,N917XJ,CANADAIR REGIONAL JET,CRJ,Unknown Aircraft,1425.0305785294995,,,
2023-01-08,N538CA,CANADAIR REGIONAL JET,CRJ,Unknown Aircraft,1425.0305785294995,,,
2023-01-09,N390CA,CANADAIR REGIONAL JET,CRJ,Unknown Aircraft,563.2704771446969,,,
2023-01-10,N320PQ,CANADAIR REGIONAL JET,CRJ,Unknown Aircraft,563.2704771446969,,,
2023-01-12,N371CA,CANADAIR REGIONAL JET,CRJ,Unknown Aircraft,563.2704771446969,,,
2023-01-13,N368CA,CANADAIR REGIONAL JET,CRJ,Unknown Aircraft,563.2704771446969,,,
2023-01-14,N371CA,CANADAIR REGIONAL JET,CRJ,Unknown Aircraft,563.2704771446969,,,
2023-01-15,N376CA,CANADAIR REGIONAL JET,CRJ,Unknown Aircraft,563.2704771446969,,,
2023-01-10,N929XJ,CANADAIR REGIONAL JET,CRJ,Unknown Aircraft,244.75624973769013,,,
2023-01-11,N186PQ,CANADAIR REGIONAL JET,CRJ,Unknown Aircraft,244.75624973769013,,,
2023-01-12,N181GJ,CANADAIR REGIONAL JET,CRJ,Unknown Aircraft,244.75624973769013,,,
2023-01-13,N910XJ,CANADAIR REGIONAL JET,CRJ,Unknown Aircraft,244.75624973769013,,,
2023-01-14,N315PQ,CANADAIR REGIONAL JET,CRJ,Unknown Aircraft,244.75624973769013,,,
2023-01-15,N187GJ,CANADAIR REGIONAL JET,CRJ,Unknown Aircraft,244.75624973769013,,,
2023-01-16,N187GJ,CANADAIR REGIONAL JET,CRJ,Unknown Aircraft,244.75624973769013,,,
2023-01-17,N676CA,CANADAIR REGIONAL JET,CRJ,Unknown Aircraft,244.75624973769013,,,
2023-01-18,N306PQ,CANADAIR REGIONAL JET,CRJ,Unknown Aircraft,244.75624973769013,,,
2023-01-19,N923XJ,CANADAIR REGIONAL JET,CRJ,Unknown Aircraft,244.75624973769013,,,
2023-01-20,N906XJ,CANADAIR REGIONAL JET,CRJ,Unknown Aircraft,244.75624973769013,,,
2023-01-21,N923XJ,CANADAIR REGIONAL JET,CRJ,Unknown Aircraft,244.75624973769013,,,
2023-01-22,N308PQ,CANADAIR REGIONAL JET,CRJ,Unknown Aircraft,244.75624973769013,,,
2023-01-23,N908XJ,CANADAIR REGIONAL JET,CRJ,Unknown Aircraft,244.75624973769013,,,
2023-01-24,N923XJ,CANADAIR REGIONAL JET,CRJ,Unknown Aircraft,244.75624973769013,,,
2023-01-25,N305PQ,CANADAIR REGIONAL JET,CRJ,Unknown Aircraft,244.75624973769013,,,
2023-01-26,N923XJ,CANADAIR REGIONAL JET,CRJ,Unknown Aircraft,244.75624973769013,,,
2023-01-27,N292PQ,CANADAIR REGIONAL JET,CRJ,Unknown Aircraft,244.75624973769013,,,
2023-01-28,N337PQ,CANADAIR REGIONAL JET,CRJ,Unknown Aircraft,244.75624973769013,,,
2023-01-29,N335PQ,CANADAIR REGIONAL JET,CRJ,Unknown Aircraft,244.75624973769013,,,
2023-01-30,N935XJ,CANADAIR REGIONAL JET,CRJ,Unknown Aircraft,244.75624973769013,,,
2023-01-31,N166PQ,CANADAIR REGIONAL JET,CRJ,Unknown Aircraft,244.75624973769013,,,
2023-01-01,N480PX,CANADAIR REGIONAL JET,CRJ,Unknown Aircraft,981.4519559361769,,,
2023-01-07,N920XJ,CANADAIR REGIONAL JET,CRJ,Unknown Aircraft,981.4519559361769,,,
2023-01-08,N914XJ,CANADAIR REGIONAL JET,CRJ,Unknown Aircraft,981.4519559361769,,,
2023-01-01,N915XJ,CANADAIR REGIONAL JET,CRJ,Unknown Aircraft,981.4519559361769,,,
2023-01-10,N929XJ,CANADAIR REGIONAL JET,CRJ,Unknown Aircraft,244.75624973769013,,,
2023-01-11,N186PQ,CANADAIR REGIONAL JET,CRJ,Unknown Aircraft,244.75624973769013,,,
2023-01-12,N181GJ,CANADAIR REGIONAL JET,CRJ,Unknown Aircraft,244.75624973769013,,,
2023-01-13,N910XJ,CANADAIR REGIONAL JET,CRJ,Unknown Aircraft,244.75624973769013,,,
2023-01-15,N187GJ,CANADAIR REGIONAL JET,CRJ,Unknown Aircraft,244.75624973769013,,,
2023-01-16,N187GJ,CANADAIR REGIONAL JET,CRJ,Unknown Aircraft,244.75624973769013,,,
2023-01-17,N676CA,CANADAIR REGIONAL JET,CRJ,Unknown Aircraft,244.75624973769013,,,
2023-01-18,N306PQ,CANADAIR REGIONAL JET,CRJ,Unknown Aircraft,244.75624973769013,,,
2023-01-19,N923XJ,CANADAIR REGIONAL JET,CRJ,Unknown Aircraft,244.75624973769013,,,
2023-01-20,N906XJ,CANADAIR REGIONAL JET,CRJ,Unknown Aircraft,244.75624973769013,,,
2023-01-22,N308PQ,CANADAIR REGIONAL JET,CRJ,Unknown Aircraft,244.75624973769013,,,
2023-01-23,N908XJ,CANADAIR REGIONAL JET,CRJ,Unknown Aircraft,244.75624973769013,,,
2023-01-24,N923XJ,CANADAIR REGIONAL JET,CRJ,Unknown Aircraft,244.75624973769013,,,
2023-01-25,N305PQ,CANADAIR REGIONAL JET,CRJ,Unknown Aircraft,244.75624973769013,,,
2023-01-26,N923XJ,CANADAIR REGIONAL JET,CRJ,Unknown Aircraft,244.75624973769013,,,
2023-01-27,N292PQ,CANADAIR REGIONAL JET,CRJ,Unknown Aircraft,244.75624973769013,,,
2023-01-29,N335PQ,CANADAIR REGIONAL JET,CRJ,Unknown Aircraft,244.75624973769013,,,
2023-01-30,N935XJ,CANADAIR REGIONAL JET,CRJ,Unknown Aircraft,244.75624973769013,,,
2023-01-31,N166PQ,CANADAIR REGIONAL JET,CRJ,Unknown Aircraft,244.75624973769013,,,
2023-01-01,N600LR,CANADAIR REGIONAL JET,CRJ,Unknown Aircraft,958.7954074067122,,,
2023-01-02,N197PQ,CANADAIR REGIONAL JET,CRJ,Unknown Aircraft,958.7954074067122,,,
2023-01-04,N937XJ,CANADAIR REGIONAL JET,CRJ,Unknown Aircraft,958.7954074067122,,,
2023-01-05,N304PQ,CANADAIR REGIONAL JET,CRJ,Unknown Aircraft,958.7954074067122,,,
2023-01-06,N297PQ,CANADAIR REGIONAL JET,CRJ,Unknown Aircraft,958.7954074067122,,,
2023-01-07,N319PQ,CANADAIR REGIONAL JET,CRJ,Unknown Aircraft,958.7954074067122,,,
2023-01-08,N324PQ,CANADAIR REGIONAL JET,CRJ,Unknown Aircraft,958.7954074067122,,,
2023-01-09,N582CA,CANADAIR REGIONAL JET,CRJ,Unknown Aircraft,946.5017829160017,,,
2023-01-17,N907XJ,CANADAIR REGIONAL JET,CRJ,Unknown Aircraft,946.5017829160017,,,
2023-01-18,N341PQ,CANADAIR REGIONAL JET,CRJ,Unknown Aircraft,946.5017829160017,,,
2023-01-19,N315PQ,CANADAIR REGIONAL JET,CRJ,Unknown Aircraft,946.5017829160017,,,
2023-01-20,N303PQ,CANADAIR REGIONAL JET,CRJ,Unknown Aircraft,946.5017829160017,,,
2023-01-21,N315PQ,CANADAIR REGIONAL JET,CRJ,Unknown Aircraft,946.5017829160017,,,
2023-01-22,N295PQ,CANADAIR REGIONAL JET,CRJ,Unknown Aircraft,946.5017829160017,,,
2023-01-23,N315PQ,CANADAIR REGIONAL JET,CRJ,Unknown Aircraft,946.5017829160017,,,
2023-01-24,N927XJ,CANADAIR REGIONAL JET,CRJ,Unknown Aircraft,946.5017829160017,,,
2023-01-25,N908XJ,CANADAIR REGIONAL JET,CRJ,Unknown Aircraft,946.5017829160017,,,
2023-01-26,N301PQ,CANADAIR REGIONAL JET,CRJ,Unknown Aircraft,946.5017829160017,,,
2023-01-27,N166PQ,CANADAIR REGIONAL JET,CRJ,Unknown Aircraft,946.5017829160017,,,
2023-01-28,N337PQ,CANADAIR REGIONAL JET,CRJ,Unknown Aircraft,946.5017829160017,,,
2023-01-29,N305PQ,CANADAIR REGIONAL JET,CRJ,Unknown Aircraft,946.5017829160017,,,
2023-01-30,N295PQ,CANADAIR REGIONAL JET,CRJ,Unknown Aircraft,946.5017829160017,,,
2023-01-31,N181GJ,CANADAIR REGIONAL JET,CRJ,Unknown Aircraft,946.5017829160017,,,
2023-01-09,N676CA,CANADAIR REGIONAL JET,CRJ,Unknown Aircraft,1334.4643047364677,,,
2023-01-10,N166PQ,CANADAIR REGIONAL JET,CRJ,Unknown Aircraft,1334.4643047364677,,,
2023-01-11,N187GJ,CANADAIR REGIONAL JET,CRJ,Unknown Aircraft,1334.4643047364677,,,
2023-01-12,N296PQ,CANADAIR REGIONAL JET,CRJ,Unknown Aircraft,1334.4643047364677,,,
2023-01-13,N905XJ,CANADAIR REGIONAL JET,CRJ,Unknown Aircraft,1334.4643047364677,,,
2023-01-14,N301PQ,CANADAIR REGIONAL JET,CRJ,Unknown Aircraft,1334.4643047364677,,,
2023-01-15,N600LR,CANADAIR REGIONAL JET,CRJ,Unknown Aircraft,1334.4643047364677,,,
2023-01-16,N305PQ,CANADAIR REGIONAL JET,CRJ,Unknown Aircraft,1334.4643047364677,,,
2023-01-17,N314PQ,CANADAIR REGIONAL JET,CRJ,Unknown Aircraft,1334.4643047364677,,,
2023-01-18,N604LR,CANADAIR REGIONAL JET,CRJ,Unknown Aircraft,1334.4643047364677,,,
2023-01-19,N905XJ,CANADAIR REGIONAL JET,CRJ,Unknown Aircraft,1334.4643047364677,,,
2023-01-20,N298PQ,CANADAIR REGIONAL JET,CRJ,Unknown Aircraft,1334.4643047364677,,,
2023-01-21,N313PQ,CANADAIR REGIONAL JET,CRJ,Unknown Aircraft,1334.4643047364677,,,
2023-01-22,N311PQ,CANADAIR REGIONAL JET,CRJ,Unknown Aircraft,1334.4643047364677,,,
2023-01-23,N298PQ,CANADAIR REGIONAL JET,CRJ,Unknown Aircraft,1334.4643047364677,,,
2023-01-24,N901XJ,CANADAIR REGIONAL JET,CRJ,Unknown Aircraft,1334.4643047364677,,,
2023-01-25,N600LR,CANADAIR REGIONAL JET,CRJ,Unknown Aircraft,1334.4643047364677,,,
2023-01-26,N197PQ,CANADAIR REGIONAL JET,CRJ,Unknown Aircraft,1334.4643047364677,,,
2023-01-27,N929XJ,CANADAIR REGIONAL JET,CRJ,Unknown Aircraft,1334.4643047364677,,,
2023-01-28,N691CA,CANADAIR REGIONAL JET,CRJ,Unknown Aircraft,1334.4643047364677,,,
2023-01-29,N538CA,CANADAIR REGIONAL JET,CRJ,Unknown Aircraft,1334.4643047364677,,,
2023-01-30,N304PQ,CANADAIR REGIONAL JET,CRJ,Unknown Aircraft,1334.4643047364677,,,
2023-01-31,N335PQ,CANADAIR REGIONAL JET,CRJ,Unknown Aircraft,1334.4643047364677,,,
2023-01-09,N676CA,CANADAIR REGIONAL JET,CRJ,Unknown Aircraft,1334.4643047364677,,,
2023-01-10,N166PQ,CANADAIR REGIONAL JET,CRJ,Unknown Aircraft,1334.4643047364677,,,
2023-01-11,N187GJ,CANADAIR REGIONAL JET,CRJ,Unknown Aircraft,1334.4643047364677,,,
2023-01-12,N296PQ,CANADAIR REGIONAL JET,CRJ,Unknown Aircraft,1334.4643047364677,,,
2023-01-13,N905XJ,CANADAIR REGIONAL JET,CRJ,Unknown Aircraft,1334.4643047364677,,,
2023-01-14,N301PQ,CANADAIR REGIONAL JET,CRJ,Unknown Aircraft,1334.4643047364677,,,
2023-01-15,N600LR,CANADAIR REGIONAL JET,CRJ,Unknown Aircraft,1334.4643047364677,,,
2023-01-16,N305PQ,CANADAIR REGIONAL JET,CRJ,Unknown Aircraft,1334.4643047364677,,,
2023-01-17,N314PQ,CANADAIR REGIONAL JET,CRJ,Unknown Aircraft,1334.4643047364677,,,
2023-01-18,N604LR,CANADAIR REGIONAL JET,CRJ,Unknown Aircraft,1334.4643047364677,,,
2023-01-19,N905XJ,CANADAIR REGIONAL JET,CRJ,Unknown Aircraft,1334.4643047364677,,,
2023-01-20,N298PQ,CANADAIR REGIONAL JET,CRJ,Unknown Aircraft,1334.4643047364677,,,
2023-01-21,N313PQ,CANADAIR REGIONAL JET,CRJ,Unknown Aircraft,1334.4643047364677,,,
2023-01-22,N311PQ,CANADAIR REGIONAL JET,CRJ,Unknown Aircraft,1334.4643047364677,,,
2023-01-23,N298PQ,CANADAIR REGIONAL JET,CRJ,Unknown Aircraft,1334.4643047364677,,,
2023-01-24,N901XJ,CANADAIR REGIONAL JET,CRJ,Unknown Aircraft,1334.4643047364677,,,
2023-01-25,N600LR,CANADAIR REGIONAL JET,CRJ,Unknown Aircraft,1334.4643047364677,,,
2023-01-26,N197PQ,CANADAIR REGIONAL JET,CRJ,Unknown Aircraft,1334.4643047364677,,,
2023-01-27,N929XJ,CANADAIR REGIONAL JET,CRJ,Unknown Aircraft,1334.4643047364677,,,
2023-01-28,N691CA,CANADAIR REGIONAL JET,CRJ,Unknown Aircraft,1334.4643047364677,,,
2023-01-29,N538CA,CANADAIR REGIONAL JET,CRJ,Unknown Aircraft,1334.4643047364677,,,
2023-01-30,N304PQ,CANADAIR REGIONAL JET,CRJ,Unknown Aircraft,1334.4643047364677,,,
2023-01-31,N335PQ,CANADAIR REGIONAL JET,CRJ,Unknown Aircraft,1334.4643047364677,,,
2023-01-08,N337PQ,CANADAIR REGIONAL JET,CRJ,Unknown Aircraft,365.08582003825256,,,
2023-01-01,N928XJ,CANADAIR REGIONAL JET,CRJ,Unknown Aircraft,816.3451648061897,,,
2023-01-08,N228PQ,CANADAIR REGIONAL JET,CRJ,Unknown Aircraft,816.3451648061897,,,
2023-01-01,N368CA,CANADAIR REGIONAL JET,CRJ,Unknown Aircraft,334.00363518097987,,,
2023-01-02,N348PQ,CANADAIR REGIONAL JET,CRJ,Unknown Aircraft,334.00363518097987,,,
2023-01-03,N391CA,CANADAIR REGIONAL JET,CRJ,Unknown Aircraft,334.00363518097987,,,
2023-01-04,N391CA,CANADAIR REGIONAL JET,CRJ,Unknown Aircraft,334.00363518097987,,,
2023-01-05,N354CA,CANADAIR REGIONAL JET,CRJ,Unknown Aircraft,334.00363518097987,,,
2023-01-06,N367CA,CANADAIR REGIONAL JET,CRJ,Unknown Aircraft,334.00363518097987,,,
2023-01-07,N367CA,CANADAIR REGIONAL JET,CRJ,Unknown Aircraft,334.00363518097987,,,
2023-01-01,N293PQ,CANADAIR REGIONAL JET,CRJ,Unknown Aircraft,986.2299658695317,,,
2023-01-02,N135EV,CANADAIR REGIONAL JET,CRJ,Unknown Aircraft,986.2299658695317,,,
2023-01-03,N324PQ,CANADAIR REGIONAL JET,CRJ,Unknown Aircraft,986.2299658695317,,,
2023-01-04,N324PQ,CANADAIR REGIONAL JET,CRJ,Unknown Aircraft,986.2299658695317,,,
2023-01-05,N931XJ,CANADAIR REGIONAL JET,CRJ,Unknown Aircraft,986.2299658695317,,,
2023-01-06,N187GJ,CANADAIR REGIONAL JET,CRJ,Unknown Aircraft,986.2299658695317,,,
2023-01-07,N232PQ,CANADAIR REGIONAL JET,CRJ,Unknown Aircraft,986.2299658695317,,,
2023-01-08,N195PQ,CANADAIR REGIONAL JET,CRJ,Unknown Aircraft,986.2299658695317,,,
2023-01-03,N166PQ,CANADAIR REGIONAL JET,CRJ,Unknown Aircraft,1033.1464742553421,,,
2023-01-04,N186PQ,CANADAIR REGIONAL JET,CRJ,Unknown Aircraft,1033.1464742553421,,,
2023-01-05,N324PQ,CANADAIR REGIONAL JET,CRJ,Unknown Aircraft,1033.1464742553421,,,
2023-01-06,N138EV,CANADAIR REGIONAL JET,CRJ,Unknown Aircraft,1033.1464742553421,,,
2023-01-09,N182GJ,CANADAIR REGIONAL JET,CRJ,Unknown Aircraft,152.899860826092,,,
2023-01-10,N300PQ,CANADAIR REGIONAL JET,CRJ,Unknown Aircraft,152.899860826092,,,
2023-01-11,N298PQ,CANADAIR REGIONAL JET,CRJ,Unknown Aircraft,152.899860826092,,,
2023-01-12,N301PQ,CANADAIR REGIONAL JET,CRJ,Unknown Aircraft,152.899860826092,,,
2023-01-13,N331PQ,CANADAIR REGIONAL JET,CRJ,Unknown Aircraft,152.899860826092,,,
2023-01-14,N166PQ,CANADAIR REGIONAL JET,CRJ,Unknown Aircraft,152.899860826092,,,
2023-01-15,N184GJ,CANADAIR REGIONAL JET,CRJ,Unknown Aircraft,152.899860826092,,,
2023-01-16,N136EV,CANADAIR REGIONAL JET,CRJ,Unknown Aircraft,152.899860826092,,,
2023-01-17,N311PQ,CANADAIR REGIONAL JET,CRJ,Unknown Aircraft,152.899860826092,,,
2023-01-18,N913XJ,CANADAIR REGIONAL JET,CRJ,Unknown Aircraft,152.899860826092,,,
2023-01-19,N134EV,CANADAIR REGIONAL JET,CRJ,Unknown Aircraft,152.899860826092,,,
2023-01-20,N304PQ,CANADAIR REGIONAL JET,CRJ,Unknown Aircraft,152.899860826092,,,
2023-01-21,N905XJ,CANADAIR REGIONAL JET,CRJ,Unknown Aircraft,152.899860826092,,,
2023-01-22,N329PQ,CANADAIR REGIONAL JET,CRJ,Unknown Aircraft,152.899860826092,,,
2023-01-23,N918XJ,CANADAIR REGIONAL JET,CRJ,Unknown Aircraft,152.899860826092,,,
2023-01-24,N228PQ,CANADAIR REGIONAL JET,CRJ,Unknown Aircraft,152.899860826092,,,
2023-01-25,N306PQ,CANADAIR REGIONAL JET,CRJ,Unknown Aircraft,152.899860826092,,,
2023-01-26,N929XJ,CANADAIR REGIONAL JET,CRJ,Unknown Aircraft,152.899860826092,,,
2023-01-27,N186PQ,CANADAIR REGIONAL JET,CRJ,Unknown Aircraft,152.899860826092,,,
2023-01-28,N376CA,CANADAIR REGIONAL JET,CRJ,Unknown Aircraft,152.899860826092,,,
2023-01-29,N279PQ,CANADAIR REGIONAL JET,CRJ,Unknown Aircraft,152.899860826092,,,
2023-01-30,N904XJ,CANADAIR REGIONAL JET,CRJ,Unknown Aircraft,152.899860826092,,,
2023-01-31,N908XJ,CANADAIR REGIONAL JET,CRJ,Unknown Aircraft,152.899860826092,,,
2023-01-03,N313PQ,CANADAIR REGIONAL JET,CRJ,Unknown Aircraft,1033.1464742553421,,,
2023-01-06,N138EV,CANADAIR REGIONAL JET,CRJ,Unknown Aircraft,1033.1464742553421,,,
2023-01-08,N930XJ,CANADAIR REGIONAL JET,CRJ,Unknown Aircraft,1162.9448625852626,,,
2023-01-10,N538CA,CANADAIR REGIONAL JET,CRJ,Unknown Aircraft,939.5060244849057,,,
2023-01-11,N153PQ,CANADAIR REGIONAL JET,CRJ,Unknown Aircraft,939.5060244849057,,,
2023-01-12,N187GJ,CANADAIR REGIONAL JET,CRJ,Unknown Aircraft,939.5060244849057,,,
2023-01-13,N307PQ,CANADAIR REGIONAL JET,CRJ,Unknown Aircraft,939.5060244849057,,,
2023-01-16,N131EV,CANADAIR REGIONAL JET,CRJ,Unknown Aircraft,939.5060244849057,,,
2023-01-17,N313PQ,CANADAIR REGIONAL JET,CRJ,Unknown Aircraft,939.5060244849057,,,
2023-01-18,N936XJ,CANADAIR REGIONAL JET,CRJ,Unknown Aircraft,939.5060244849057,,,
2023-01-19,N325PQ,CANADAIR REGIONAL JET,CRJ,Unknown Aircraft,939.5060244849057,,,
2023-01-20,N186PQ,CANADAIR REGIONAL JET,CRJ,Unknown Aircraft,939.5060244849057,,,
2023-01-23,N607LR,CANADAIR REGIONAL JET,CRJ,Unknown Aircraft,939.5060244849057,,,
2023-01-24,N925XJ,CANADAIR REGIONAL JET,CRJ,Unknown Aircraft,939.5060244849057,,,
2023-01-25,N135EV,CANADAIR REGIONAL JET,CRJ,Unknown Aircraft,939.5060244849057,,,
2023-01-26,N927XJ,CANADAIR REGIONAL JET,CRJ,Unknown Aircraft,939.5060244849057,,,
2023-01-27,N184GJ,CANADAIR REGIONAL JET,CRJ,Unknown Aircraft,939.5060244849057,,,
2023-01-30,N292PQ,CANADAIR REGIONAL JET,CRJ,Unknown Aircraft,939.5060244849057,,,
2023-01-31,N601LR,CANADAIR REGIONAL JET,CRJ,Unknown Aircraft,939.5060244849057,,,
2023-01-07,N538CA,CANADAIR REGIONAL JET,CRJ,Unknown Aircraft,1425.0305785294995,,,
2023-01-09,N300PQ,CANADAIR REGIONAL JET,CRJ,Unknown Aircraft,1650.8674635042946,,,
2023-01-10,N131EV,CANADAIR REGIONAL JET,CRJ,Unknown Aircraft,1650.8674635042946,,,
2023-01-11,N606LR,CANADAIR REGIONAL JET,CRJ,Unknown Aircraft,1650.8674635042946,,,
2023-01-12,N304PQ,CANADAIR REGIONAL JET,CRJ,Unknown Aircraft,1650.8674635042946,,,
2023-01-13,N319PQ,CANADAIR REGIONAL JET,CRJ,Unknown Aircraft,1650.8674635042946,,,
2023-01-14,N349PQ,CANADAIR REGIONAL JET,CRJ,Unknown Aircraft,1650.8674635042946,,,
2023-01-15,N182GJ,CANADAIR REGIONAL JET,CRJ,Unknown Aircraft,1650.8674635042946,,,
2023-01-16,N272PQ,CANADAIR REGIONAL JET,CRJ,Unknown Aircraft,1650.8674635042946,,,
2023-01-17,N166PQ,CANADAIR REGIONAL JET,CRJ,Unknown Aircraft,1650.8674635042946,,,
2023-01-18,N606LR,CANADAIR REGIONAL JET,CRJ,Unknown Aircraft,1650.8674635042946,,,
2023-01-19,N294PQ,CANADAIR REGIONAL JET,CRJ,Unknown Aircraft,1650.8674635042946,,,
2023-01-20,N930XJ,CANADAIR REGIONAL JET,CRJ,Unknown Aircraft,1650.8674635042946,,,
2023-01-21,N197PQ,CANADAIR REGIONAL JET,CRJ,Unknown Aircraft,1650.8674635042946,,,
2023-01-22,N691CA,CANADAIR REGIONAL JET,CRJ,Unknown Aircraft,1650.8674635042946,,,
2023-01-23,N538CA,CANADAIR REGIONAL JET,CRJ,Unknown Aircraft,1650.8674635042946,,,
2023-01-24,N320PQ,CANADAIR REGIONAL JET,CRJ,Unknown Aircraft,1650.8674635042946,,,
2023-01-25,N311PQ,CANADAIR REGIONAL JET,CRJ,Unknown Aircraft,1650.8674635042946,,,
2023-01-26,N200PQ,CANADAIR REGIONAL JET,CRJ,Unknown Aircraft,1650.8674635042946,,,
2023-01-27,N200PQ,CANADAIR REGIONAL JET,CRJ,Unknown Aircraft,1650.8674635042946,,,
2023-01-28,N604LR,CANADAIR REGIONAL JET,CRJ,Unknown Aircraft,1650.8674635042946,,,
2023-01-29,N604LR,CANADAIR REGIONAL JET,CRJ,Unknown Aircraft,1650.8674635042946,,,
2023-01-30,N336PQ,CANADAIR REGIONAL JET,CRJ,Unknown Aircraft,1650.8674635042946,,,
2023-01-31,N304PQ,CANADAIR REGIONAL JET,CRJ,Unknown Aircraft,1650.8674635042946,,,
2023-01-09,N314PQ,CANADAIR REGIONAL JET,CRJ,Unknown Aircraft,693.0060073967181,,,
2023-01-10,N917XJ,CANADAIR REGIONAL JET,CRJ,Unknown Aircraft,693.0060073967181,,,
2023-01-12,N906XJ,CANADAIR REGIONAL JET,CRJ,Unknown Aircraft,693.0060073967181,,,
2023-01-13,N491PX,CANADAIR REGIONAL JET,CRJ,Unknown Aircraft,693.0060073967181,,,
2023-01-14,N135EV,CANADAIR REGIONAL JET,CRJ,Unknown Aircraft,693.0060073967181,,,
2023-01-15,N485PX,CANADAIR REGIONAL JET,CRJ,Unknown Aircraft,693.0060073967181,,,
2023-01-16,N920XJ,CANADAIR REGIONAL JET,CRJ,Unknown Aircraft,693.0060073967181,,,
2023-01-17,N918XJ,CANADAIR REGIONAL JET,CRJ,Unknown Aircraft,693.0060073967181,,,
2023-01-18,N902XJ,CANADAIR REGIONAL JET,CRJ,Unknown Aircraft,693.0060073967181,,,
2023-01-19,N491PX,CANADAIR REGIONAL JET,CRJ,Unknown Aircraft,693.0060073967181,,,
2023-01-20,N920XJ,CANADAIR REGIONAL JET,CRJ,Unknown Aircraft,693.0060073967181,,,
2023-01-21,N301PQ,CANADAIR REGIONAL JET,CRJ,Unknown Aircraft,693.0060073967181,,,
2023-01-22,N914XJ,CANADAIR REGIONAL JET,CRJ,Unknown Aircraft,693.0060073967181,,,
2023-01-23,N181GJ,CANADAIR REGIONAL JET,CRJ,Unknown Aircraft,693.0060073967181,,,
2023-01-24,N918XJ,CANADAIR REGIONAL JET,CRJ,Unknown Aircraft,693.0060073967181,,,
2023-01-25,N182GJ,CANADAIR REGIONAL JET,CRJ,Unknown Aircraft,693.0060073967181,,,
2023-01-26,N490PX,CANADAIR REGIONAL JET,CRJ,Unknown Aircraft,693.0060073967181,,,
2023-01-27,N920XJ,CANADAIR REGIONAL JET,CRJ,Unknown Aircraft,693.0060073967181,,,
2023-01-28,N134EV,CANADAIR REGIONAL JET,CRJ,Unknown Aircraft,693.0060073967181,,,
2023-01-29,N478PX,CANADAIR REGIONAL JET,CRJ,Unknown Aircraft,693.0060073967181,,,
2023-01-30,N485PX,CANADAIR REGIONAL JET,CRJ,Unknown Aircraft,693.0060073967181,,,
2023-01-31,N920XJ,CANADAIR REGIONAL JET,CRJ,Unknown Aircraft,693.0060073967181,,,
2023-01-09,N605LR,CANADAIR REGIONAL JET,CRJ,Unknown Aircraft,192.9837165534686,,,
2023-01-10,N182GJ,CANADAIR REGIONAL JET,CRJ,Unknown Aircraft,192.9837165534686,,,
2023-01-11,N927XJ,CANADAIR REGIONAL JET,CRJ,Unknown Aircraft,192.9837165534686,,,
2023-01-12,N195PQ,CANADAIR REGIONAL JET,CRJ,Unknown Aircraft,192.9837165534686,,,
2023-01-13,N301PQ,CANADAIR REGIONAL JET,CRJ,Unknown Aircraft,192.9837165534686,,,
2023-01-09,N605LR,CANADAIR REGIONAL JET,CRJ,Unknown Aircraft,192.9837165534686,,,
2023-01-10,N182GJ,CANADAIR REGIONAL JET,CRJ,Unknown Aircraft,192.9837165534686,,,
2023-01-11,N927XJ,CANADAIR REGIONAL JET,CRJ,Unknown Aircraft,192.9837165534686,,,
2023-01-12,N195PQ,CANADAIR REGIONAL JET,CRJ,Unknown Aircraft,192.9837165534686,,,
2023-01-13,N301PQ,CANADAIR REGIONAL JET,CRJ,Unknown Aircraft,192.9837165534686,,,
2023-01-08,N925XJ,CANADAIR REGIONAL JET,CRJ,Unknown Aircraft,1155.4694050643088,,,
2023-01-14,N922XJ,CANADAIR REGIONAL JET,CRJ,Unknown Aircraft,981.4519559361769,,,
2023-01-21,N929XJ,CANADAIR REGIONAL JET,CRJ,Unknown Aircraft,981.4519559361769,,,
2023-01-28,N479PX,CANADAIR REGIONAL JET,CRJ,Unknown Aircraft,981.4519559361769,,,
2023-01-01,N294PQ,CANADAIR REGIONAL JET,CRJ,Unknown Aircraft,1650.8674635042946,,,
2023-01-02,N930XJ,CANADAIR REGIONAL JET,CRJ,Unknown Aircraft,1650.8674635042946,,,
2023-01-04,N304PQ,CANADAIR REGIONAL JET,CRJ,Unknown Aircraft,1650.8674635042946,,,
2023-01-05,N336PQ,CANADAIR REGIONAL JET,CRJ,Unknown Aircraft,1650.8674635042946,,,
2023-01-06,N538CA,CANADAIR REGIONAL JET,CRJ,Unknown Aircraft,1650.8674635042946,,,
2023-01-07,N306PQ,CANADAIR REGIONAL JET,CRJ,Unknown Aircraft,1650.8674635042946,,,
2023-01-08,N601LR,CANADAIR REGIONAL JET,CRJ,Unknown Aircraft,229.86130963162546,,,
2023-01-09,N605LR,CANADAIR REGIONAL JET,CRJ,Unknown Aircraft,152.899860826092,,,
2023-01-10,N182GJ,CANADAIR REGIONAL JET,CRJ,Unknown Aircraft,152.899860826092,,,
2023-01-11,N319PQ,CANADAIR REGIONAL JET,CRJ,Unknown Aircraft,152.899860826092,,,
2023-01-12,N298PQ,CANADAIR REGIONAL JET,CRJ,Unknown Aircraft,152.899860826092,,,
2023-01-13,N301PQ,CANADAIR REGIONAL JET,CRJ,Unknown Aircraft,152.899860826092,,,
2023-01-14,N331PQ,CANADAIR REGIONAL JET,CRJ,Unknown Aircraft,152.899860826092,,,
2023-01-15,N166PQ,CANADAIR REGIONAL JET,CRJ,Unknown Aircraft,152.899860826092,,,
2023-01-16,N184GJ,CANADAIR REGIONAL JET,CRJ,Unknown Aircraft,152.899860826092,,,
2023-01-17,N136EV,CANADAIR REGIONAL JET,CRJ,Unknown Aircraft,152.899860826092,,,
2023-01-18,N272PQ,CANADAIR REGIONAL JET,CRJ,Unknown Aircraft,152.899860826092,,,
2023-01-19,N913XJ,CANADAIR REGIONAL JET,CRJ,Unknown Aircraft,152.899860826092,,,
2023-01-20,N134EV,CANADAIR REGIONAL JET,CRJ,Unknown Aircraft,152.899860826092,,,
2023-01-21,N304PQ,CANADAIR REGIONAL JET,CRJ,Unknown Aircraft,152.899860826092,,,
2023-01-22,N933XJ,CANADAIR REGIONAL JET,CRJ,Unknown Aircraft,152.899860826092,,,
2023-01-23,N329PQ,CANADAIR REGIONAL JET,CRJ,Unknown Aircraft,152.899860826092,,,
2023-01-24,N918XJ,CANADAIR REGIONAL JET,CRJ,Unknown Aircraft,152.899860826092,,,
2023-01-25,N228PQ,CANADAIR REGIONAL JET,CRJ,Unknown Aircraft,152.899860826092,,,
2023-01-26,N908XJ,CANADAIR REGIONAL JET,CRJ,Unknown Aircraft,152.899860826092,,,
2023-01-27,N929XJ,CANADAIR REGIONAL JET,CRJ,Unknown Aircraft,152.899860826092,,,
2023-01-28,N186PQ,CANADAIR REGIONAL JET,CRJ,Unknown Aircraft,152.899860826092,,,
2023-01-29,N376CA,CANADAIR REGIONAL JET,CRJ,Unknown Aircraft,152.899860826092,,,
2023-01-30,N676CA,CANADAIR REGIONAL JET,CRJ,Unknown Aircraft,152.899860826092,,,
2023-01-31,N904XJ,CANADAIR REGIONAL JET,CRJ,Unknown Aircraft,152.899860826092,,,
2023-01-08,N904XJ,CANADAIR REGIONAL JET,CRJ,Unknown Aircraft,693.0060073967181,,,
2023-01-09,N300PQ,CANADAIR REGIONAL JET,CRJ,Unknown Aircraft,373.74865926152677,,,
2023-01-10,N602LR,CANADAIR REGIONAL JET,CRJ,Unknown Aircraft,373.74865926152677,,,
2023-01-11,N298PQ,CANADAIR REGIONAL JET,CRJ,Unknown Aircraft,373.74865926152677,,,
2023-01-12,N132EV,CANADAIR REGIONAL JET,CRJ,Unknown Aircraft,373.74865926152677,,,
2023-01-13,N184GJ,CANADAIR REGIONAL JET,CRJ,Unknown Aircraft,373.74865926152677,,,
2023-01-14,N314PQ,CANADAIR REGIONAL JET,CRJ,Unknown Aircraft,373.74865926152677,,,
2023-01-15,N319PQ,CANADAIR REGIONAL JET,CRJ,Unknown Aircraft,373.74865926152677,,,
2023-01-16,N908XJ,CANADAIR REGIONAL JET,CRJ,Unknown Aircraft,373.74865926152677,,,
2023-01-17,N311PQ,CANADAIR REGIONAL JET,CRJ,Unknown Aircraft,373.74865926152677,,,
2023-01-18,N137EV,CANADAIR REGIONAL JET,CRJ,Unknown Aircraft,373.74865926152677,,,
2023-01-19,N329PQ,CANADAIR REGIONAL JET,CRJ,Unknown Aircraft,373.74865926152677,,,
2023-01-20,N329PQ,CANADAIR REGIONAL JET,CRJ,Unknown Aircraft,373.74865926152677,,,
2023-01-21,N937XJ,CANADAIR REGIONAL JET,CRJ,Unknown Aircraft,373.74865926152677,,,
2023-01-22,N137EV,CANADAIR REGIONAL JET,CRJ,Unknown Aircraft,373.74865926152677,,,
2023-01-23,N307PQ,CANADAIR REGIONAL JET,CRJ,Unknown Aircraft,373.74865926152677,,,
2023-01-24,N184GJ,CANADAIR REGIONAL JET,CRJ,Unknown Aircraft,373.74865926152677,,,
2023-01-25,N325PQ,CANADAIR REGIONAL JET,CRJ,Unknown Aircraft,373.74865926152677,,,
2023-01-26,N602LR,CANADAIR REGIONAL JET,CRJ,Unknown Aircraft,373.74865926152677,,,
2023-01-27,N905XJ,CANADAIR REGIONAL JET,CRJ,Unknown Aircraft,373.74865926152677,,,
2023-01-28,N330PQ,CANADAIR REGIONAL JET,CRJ,Unknown Aircraft,373.74865926152677,,,
2023-01-29,N187GJ,CANADAIR REGIONAL JET,CRJ,Unknown Aircraft,373.74865926152677,,,
2023-01-30,N904XJ,CANADAIR REGIONAL JET,CRJ,Unknown Aircraft,373.74865926152677,,,
2023-01-31,N910XJ,CANADAIR REGIONAL JET,CRJ,Unknown Aircraft,373.74865926152677,,,
2023-01-01,N924EV,CANADAIR REGIONAL JET,CRJ,Unknown Aircraft,170.711462193071,,,
2023-01-02,N833AY,CANADAIR REGIONAL JET,CRJ,Unknown Aircraft,170.711462193071,,,
2023-01-03,N835AY,CANADAIR REGIONAL JET,CRJ,Unknown Aircraft,170.711462193071,,,
2023-01-04,N8976E,CANADAIR REGIONAL JET,CRJ,Unknown Aircraft,170.711462193071,,,
2023-01-05,N601XJ,CANADAIR REGIONAL JET,CRJ,Unknown Aircraft,170.711462193071,,,
2023-01-06,N8933B,CANADAIR REGIONAL JET,CRJ,Unknown Aircraft,170.711462193071,,,
2023-01-07,N8877A,CANADAIR REGIONAL JET,CRJ,Unknown Aircraft,170.711462193071,,,
2023-01-08,N602XJ,CANADAIR REGIONAL JET,CRJ,Unknown Aircraft,170.711462193071,,,
2023-01-01,N924EV,CANADAIR REGIONAL JET,CRJ,Unknown Aircraft,170.711462193071,,,
2023-01-07,N8877A,CANADAIR REGIONAL JET,CRJ,Unknown Aircraft,170.711462193071,,,
2023-01-09,N930XJ,CANADAIR REGIONAL JET,CRJ,Unknown Aircraft,1541.656331283187,,,
2023-01-10,N300PQ,CANADAIR REGIONAL JET,CRJ,Unknown Aircraft,1541.656331283187,,,
2023-01-11,N921XJ,CANADAIR REGIONAL JET,CRJ,Unknown Aircraft,1541.656331283187,,,
2023-01-12,N925XJ,CANADAIR REGIONAL JET,CRJ,Unknown Aircraft,1541.656331283187,,,
2023-01-13,N299PQ,CANADAIR REGIONAL JET,CRJ,Unknown Aircraft,1541.656331283187,,,
2023-01-15,N302PQ,CANADAIR REGIONAL JET,CRJ,Unknown Aircraft,1541.656331283187,,,
2023-01-16,N134EV,CANADAIR REGIONAL JET,CRJ,Unknown Aircraft,1541.656331283187,,,
2023-01-17,N200PQ,CANADAIR REGIONAL JET,CRJ,Unknown Aircraft,1541.656331283187,,,
2023-01-18,N920XJ,CANADAIR REGIONAL JET,CRJ,Unknown Aircraft,1541.656331283187,,,
2023-01-19,N903XJ,CANADAIR REGIONAL JET,CRJ,Unknown Aircraft,1541.656331283187,,,
2023-01-20,N936XJ,CANADAIR REGIONAL JET,CRJ,Unknown Aircraft,1541.656331283187,,,
2023-01-22,N607LR,CANADAIR REGIONAL JET,CRJ,Unknown Aircraft,1541.656331283187,,,
2023-01-23,N304PQ,CANADAIR REGIONAL JET,CRJ,Unknown Aircraft,1541.656331283187,,,
2023-01-24,N695CA,CANADAIR REGIONAL JET,CRJ,Unknown Aircraft,1541.656331283187,,,
2023-01-25,N133EV,CANADAIR REGIONAL JET,CRJ,Unknown Aircraft,1541.656331283187,,,
2023-01-26,N137EV,CANADAIR REGIONAL JET,CRJ,Unknown Aircraft,1541.656331283187,,,
2023-01-27,N917XJ,CANADAIR REGIONAL JET,CRJ,Unknown Aircraft,1541.656331283187,,,
2023-01-29,N678CA,CANADAIR REGIONAL JET,CRJ,Unknown Aircraft,1541.656331283187,,,
2023-01-30,N930XJ,CANADAIR REGIONAL JET,CRJ,Unknown Aircraft,1541.656331283187,,,
2023-01-31,N606LR,CANADAIR REGIONAL JET,CRJ,Unknown Aircraft,1541.656331283187,,,
2023-01-09,N901XJ,CANADAIR REGIONAL JET,CRJ,Unknown Aircraft,809.0368120014678,,,
2023-01-10,N181GJ,CANADAIR REGIONAL JET,CRJ,Unknown Aircraft,809.0368120014678,,,
2023-01-11,N398CA,CANADAIR REGIONAL JET,CRJ,Unknown Aircraft,809.0368120014678,,,
2023-01-12,N329PQ,CANADAIR REGIONAL JET,CRJ,Unknown Aircraft,809.0368120014678,,,
2023-01-13,N316PQ,CANADAIR REGIONAL JET,CRJ,Unknown Aircraft,809.0368120014678,,,
2023-01-14,N367CA,CANADAIR REGIONAL JET,CRJ,Unknown Aircraft,809.0368120014678,,,
2023-01-15,N691CA,CANADAIR REGIONAL JET,CRJ,Unknown Aircraft,809.0368120014678,,,
2023-01-16,N367CA,CANADAIR REGIONAL JET,CRJ,Unknown Aircraft,809.0368120014678,,,
2023-01-17,N398CA,CANADAIR REGIONAL JET,CRJ,Unknown Aircraft,809.0368120014678,,,
2023-01-19,N390CA,CANADAIR REGIONAL JET,CRJ,Unknown Aircraft,809.0368120014678,,,
2023-01-20,N354CA,CANADAIR REGIONAL JET,CRJ,Unknown Aircraft,809.0368120014678,,,
2023-01-21,N391CA,CANADAIR REGIONAL JET,CRJ,Unknown Aircraft,809.0368120014678,,,
2023-01-22,N655CA,CANADAIR REGIONAL JET,CRJ,Unknown Aircraft,809.0368120014678,,,
2023-01-23,N371CA,CANADAIR REGIONAL JET,CRJ,Unknown Aircraft,809.0368120014678,,,
2023-01-25,N398CA,CANADAIR REGIONAL JET,CRJ,Unknown Aircraft,809.0368120014678,,,
2023-01-26,N368CA,CANADAIR REGIONAL JET,CRJ,Unknown Aircraft,809.0368120014678,,,
2023-01-27,N376CA,CANADAIR REGIONAL JET,CRJ,Unknown Aircraft,809.0368120014678,,,
2023-01-28,N398CA,CANADAIR REGIONAL JET,CRJ,Unknown Aircraft,809.0368120014678,,,
2023-01-29,N181GJ,CANADAIR REGIONAL JET,CRJ,Unknown Aircraft,809.0368120014678,,,
2023-01-30,N368CA,CANADAIR REGIONAL JET,CRJ,Unknown Aircraft,809.0368120014678,,,
2023-01-31,N398CA,CANADAIR REGIONAL JET,CRJ,Unknown Aircraft,809.0368120014678,,,
2023-01-01,N354CA,CANADAIR REGIONAL JET,CRJ,Unknown Aircraft,1042.716158694576,,,
2023-01-02,N340CA,CANADAIR REGIONAL JET,CRJ,Unknown Aircraft,1042.716158694576,,,
2023-01-03,N655CA,CANADAIR REGIONAL JET,CRJ,Unknown Aircraft,1042.716158694576,,,
2023-01-04,N371CA,CANADAIR REGIONAL JET,CRJ,Unknown Aircraft,1042.716158694576,,,
2023-01-05,N371CA,CANADAIR REGIONAL JET,CRJ,Unknown Aircraft,1042.716158694576,,,
2023-01-06,N368CA,CANADAIR REGIONAL JET,CRJ,Unknown Aircraft,1042.716158694576,,,
2023-01-07,N390CA,CANADAIR REGIONAL JET,CRJ,Unknown Aircraft,1042.716158694576,,,
2023-01-08,N340CA,CANADAIR REGIONAL JET,CRJ,Unknown Aircraft,1042.716158694576,,,
2023-01-09,N901XJ,CANADAIR REGIONAL JET,CRJ,Unknown Aircraft,809.0368120014678,,,
2023-01-10,N181GJ,CANADAIR REGIONAL JET,CRJ,Unknown Aircraft,809.0368120014678,,,
2023-01-11,N398CA,CANADAIR REGIONAL JET,CRJ,Unknown Aircraft,809.0368120014678,,,
2023-01-12,N329PQ,CANADAIR REGIONAL JET,CRJ,Unknown Aircraft,809.0368120014678,,,
2023-01-13,N316PQ,CANADAIR REGIONAL JET,CRJ,Unknown Aircraft,809.0368120014678,,,
2023-01-16,N367CA,CANADAIR REGIONAL JET,CRJ,Unknown Aircraft,809.0368120014678,,,
2023-01-17,N398CA,CANADAIR REGIONAL JET,CRJ,Unknown Aircraft,809.0368120014678,,,
2023-01-19,N390CA,CANADAIR REGIONAL JET,CRJ,Unknown Aircraft,809.0368120014678,,,
2023-01-20,N354CA,CANADAIR REGIONAL JET,CRJ,Unknown Aircraft,809.0368120014678,,,
2023-01-22,N655CA,CANADAIR REGIONAL JET,CRJ,Unknown Aircraft,809.0368120014678,,,
2023-01-23,N371CA,CANADAIR REGIONAL JET,CRJ,Unknown Aircraft,809.0368120014678,,,
2023-01-25,N398CA,CANADAIR REGIONAL JET,CRJ,Unknown Aircraft,809.0368120014678,,,
2023-01-26,N368CA,CANADAIR REGIONAL JET,CRJ,Unknown Aircraft,809.0368120014678,,,
2023-01-27,N376CA,CANADAIR REGIONAL JET,CRJ,Unknown Aircraft,809.0368120014678,,,
2023-01-29,N181GJ,CANADAIR REGIONAL JET,CRJ,Unknown Aircraft,809.0368120014678,,,
2023-01-30,N368CA,CANADAIR REGIONAL JET,CRJ,Unknown Aircraft,809.0368120014678,,,
2023-01-31,N398CA,CANADAIR REGIONAL JET,CRJ,Unknown Aircraft,809.0368120014678,,,
2023-01-01,N478PX,CANADAIR REGIONAL JET,CRJ,Unknown Aircraft,928.2032066569942,,,
2023-01-02,N479PX,CANADAIR REGIONAL JET,CRJ,Unknown Aircraft,928.2032066569942,,,
2023-01-03,N293PQ,CANADAIR REGIONAL JET,CRJ,Unknown Aircraft,928.2032066569942,,,
2023-01-04,N200PQ,CANADAIR REGIONAL JET,CRJ,Unknown Aircraft,928.2032066569942,,,
2023-01-05,N927XJ,CANADAIR REGIONAL JET,CRJ,Unknown Aircraft,928.2032066569942,,,
2023-01-06,N335PQ,CANADAIR REGIONAL JET,CRJ,Unknown Aircraft,928.2032066569942,,,
2023-01-07,N490PX,CANADAIR REGIONAL JET,CRJ,Unknown Aircraft,928.2032066569942,,,
2023-01-08,N490PX,CANADAIR REGIONAL JET,CRJ,Unknown Aircraft,928.2032066569942,,,
2023-01-14,N341PQ,CANADAIR REGIONAL JET,CRJ,Unknown Aircraft,192.9837165534686,,,
2023-01-15,N296PQ,CANADAIR REGIONAL JET,CRJ,Unknown Aircraft,192.9837165534686,,,
2023-01-21,N602LR,CANADAIR REGIONAL JET,CRJ,Unknown Aircraft,192.9837165534686,,,
2023-01-28,N932XJ,CANADAIR REGIONAL JET,CRJ,Unknown Aircraft,192.9837165534686,,,
2023-01-09,N181PQ,CANADAIR REGIONAL JET,CRJ,Unknown Aircraft,404.5369547392854,,,
2023-01-14,N341PQ,CANADAIR REGIONAL JET,CRJ,Unknown Aircraft,192.9837165534686,,,
2023-01-15,N296PQ,CANADAIR REGIONAL JET,CRJ,Unknown Aircraft,192.9837165534686,,,
2023-01-21,N602LR,CANADAIR REGIONAL JET,CRJ,Unknown Aircraft,192.9837165534686,,,
2023-01-28,N932XJ,CANADAIR REGIONAL JET,CRJ,Unknown Aircraft,192.9837165534686,,,
2023-01-01,N478PX,CANADAIR REGIONAL JET,CRJ,Unknown Aircraft,928.2032066569942,,,
2023-01-02,N479PX,CANADAIR REGIONAL JET,CRJ,Unknown Aircraft,928.2032066569942,,,
2023-01-03,N293PQ,CANADAIR REGIONAL JET,CRJ,Unknown Aircraft,928.2032066569942,,,
2023-01-04,N200PQ,CANADAIR REGIONAL JET,CRJ,Unknown Aircraft,928.2032066569942,,,
2023-01-05,N927XJ,CANADAIR REGIONAL JET,CRJ,Unknown Aircraft,928.2032066569942,,,
2023-01-06,N335PQ,CANADAIR REGIONAL JET,CRJ,Unknown Aircraft,928.2032066569942,,,
2023-01-07,N490PX,CANADAIR REGIONAL JET,CRJ,Unknown Aircraft,928.2032066569942,,,
2023-01-08,N490PX,CANADAIR REGIONAL JET,CRJ,Unknown Aircraft,928.2032066569942,,,
2023-01-09,N181PQ,CANADAIR REGIONAL JET,CRJ,Unknown Aircraft,404.5369547392854,,,
2023-01-02,N302PQ,CANADAIR REGIONAL JET,CRJ,Unknown Aircraft,850.9460728536994,,,
2023-01-03,N136EV,CANADAIR REGIONAL JET,CRJ,Unknown Aircraft,850.9460728536994,,,
2023-01-04,N132EV,CANADAIR REGIONAL JET,CRJ,Unknown Aircraft,850.9460728536994,,,
2023-01-05,N929XJ,CANADAIR REGIONAL JET,CRJ,Unknown Aircraft,850.9460728536994,,,
2023-01-06,N906XJ,CANADAIR REGIONAL JET,CRJ,Unknown Aircraft,850.9460728536994,,,
2023-01-07,N295PQ,CANADAIR REGIONAL JET,CRJ,Unknown Aircraft,850.9460728536994,,,
2023-01-08,N294PQ,CANADAIR REGIONAL JET,CRJ,Unknown Aircraft,850.9460728536994,,,
2023-01-09,N302PQ,CANADAIR REGIONAL JET,CRJ,Unknown Aircraft,365.08582003825256,,,
2023-01-10,N601LR,CANADAIR REGIONAL JET,CRJ,Unknown Aircraft,365.08582003825256,,,
2023-01-11,N131EV,CANADAIR REGIONAL JET,CRJ,Unknown Aircraft,365.08582003825256,,,
2023-01-12,N326PQ,CANADAIR REGIONAL JET,CRJ,Unknown Aircraft,365.08582003825256,,,
2023-01-13,N304PQ,CANADAIR REGIONAL JET,CRJ,Unknown Aircraft,365.08582003825256,,,
2023-01-14,N326PQ,CANADAIR REGIONAL JET,CRJ,Unknown Aircraft,365.08582003825256,,,
2023-01-15,N305PQ,CANADAIR REGIONAL JET,CRJ,Unknown Aircraft,365.08582003825256,,,
2023-01-16,N294PQ,CANADAIR REGIONAL JET,CRJ,Unknown Aircraft,365.08582003825256,,,
2023-01-17,N131EV,CANADAIR REGIONAL JET,CRJ,Unknown Aircraft,365.08582003825256,,,
2023-01-18,N320PQ,CANADAIR REGIONAL JET,CRJ,Unknown Aircraft,365.08582003825256,,,
2023-01-19,N606LR,CANADAIR REGIONAL JET,CRJ,Unknown Aircraft,365.08582003825256,,,
2023-01-20,N294PQ,CANADAIR REGIONAL JET,CRJ,Unknown Aircraft,365.08582003825256,,,
2023-01-21,N602LR,CANADAIR REGIONAL JET,CRJ,Unknown Aircraft,365.08582003825256,,,
2023-01-22,N228PQ,CANADAIR REGIONAL JET,CRJ,Unknown Aircraft,365.08582003825256,,,
2023-01-23,N181PQ,CANADAIR REGIONAL JET,CRJ,Unknown Aircraft,365.08582003825256,,,
2023-01-24,N132EV,CANADAIR REGIONAL JET,CRJ,Unknown Aircraft,365.08582003825256,,,
2023-01-25,N695CA,CANADAIR REGIONAL JET,CRJ,Unknown Aircraft,365.08582003825256,,,
2023-01-26,N910XJ,CANADAIR REGIONAL JET,CRJ,Unknown Aircraft,365.08582003825256,,,
2023-01-27,N136EV,CANADAIR REGIONAL JET,CRJ,Unknown Aircraft,365.08582003825256,,,
2023-01-28,N307PQ,CANADAIR REGIONAL JET,CRJ,Unknown Aircraft,365.08582003825256,,,
2023-01-29,N134EV,CANADAIR REGIONAL JET,CRJ,Unknown Aircraft,365.08582003825256,,,
2023-01-30,N906XJ,CANADAIR REGIONAL JET,CRJ,Unknown Aircraft,365.08582003825256,,,
2023-01-31,N932XJ,CANADAIR REGIONAL JET,CRJ,Unknown Aircraft,365.08582003825256,,,
2023-01-09,N296PQ,CANADAIR REGIONAL JET,CRJ,Unknown Aircraft,1184.6628252443688,,,
2023-01-10,N176PQ,CANADAIR REGIONAL JET,CRJ,Unknown Aircraft,1184.6628252443688,,,
2023-01-11,N314PQ,CANADAIR REGIONAL JET,CRJ,Unknown Aircraft,1184.6628252443688,,,
2023-01-12,N133EV,CANADAIR REGIONAL JET,CRJ,Unknown Aircraft,1184.6628252443688,,,
2023-01-13,N135EV,CANADAIR REGIONAL JET,CRJ,Unknown Aircraft,1184.6628252443688,,,
2023-01-15,N913XJ,CANADAIR REGIONAL JET,CRJ,Unknown Aircraft,1184.6628252443688,,,
2023-01-16,N307PQ,CANADAIR REGIONAL JET,CRJ,Unknown Aircraft,1184.6628252443688,,,
2023-01-17,N232PQ,CANADAIR REGIONAL JET,CRJ,Unknown Aircraft,1184.6628252443688,,,
2023-01-18,N200PQ,CANADAIR REGIONAL JET,CRJ,Unknown Aircraft,1184.6628252443688,,,
2023-01-19,N197PQ,CANADAIR REGIONAL JET,CRJ,Unknown Aircraft,1184.6628252443688,,,
2023-01-20,N183GJ,CANADAIR REGIONAL JET,CRJ,Unknown Aircraft,1184.6628252443688,,,
2023-01-22,N605LR,CANADAIR REGIONAL JET,CRJ,Unknown Aircraft,1184.6628252443688,,,
2023-01-23,N478PX,CANADAIR REGIONAL JET,CRJ,Unknown Aircraft,1184.6628252443688,,,
2023-01-24,N181GJ,CANADAIR REGIONAL JET,CRJ,Unknown Aircraft,1184.6628252443688,,,
2023-01-25,N181PQ,CANADAIR REGIONAL JET,CRJ,Unknown Aircraft,1184.6628252443688,,,
2023-01-26,N153PQ,CANADAIR REGIONAL JET,CRJ,Unknown Aircraft,1184.6628252443688,,,
2023-01-27,N134EV,CANADAIR REGIONAL JET,CRJ,Unknown Aircraft,1184.6628252443688,,,
2023-01-29,N320PQ,CANADAIR REGIONAL JET,CRJ,Unknown Aircraft,1184.6628252443688,,,
2023-01-30,N131EV,CANADAIR REGIONAL JET,CRJ,Unknown Aircraft,1184.6628252443688,,,
2023-01-31,N582CA,CANADAIR REGIONAL JET,CRJ,Unknown Aircraft,1184.6628252443688,,,
2023-01-01,N8970D,CANADAIR REGIONAL JET,CRJ,Unknown Aircraft,584.6499528876948,,,
2023-01-02,N8974C,CANADAIR REGIONAL JET,CRJ,Unknown Aircraft,584.6499528876948,,,
2023-01-03,N924EV,CANADAIR REGIONAL JET,CRJ,Unknown Aircraft,584.6499528876948,,,
2023-01-04,N836AY,CANADAIR REGIONAL JET,CRJ,Unknown Aircraft,584.6499528876948,,,
2023-01-05,N8976E,CANADAIR REGIONAL JET,CRJ,Unknown Aircraft,584.6499528876948,,,
2023-01-06,N835AY,CANADAIR REGIONAL JET,CRJ,Unknown Aircraft,584.6499528876948,,,
2023-01-07,N8877A,CANADAIR REGIONAL JET,CRJ,Unknown Aircraft,584.6499528876948,,,
2023-01-08,N901XJ,CANADAIR REGIONAL JET,CRJ,Unknown Aircraft,584.6499528876948,,,
2023-01-09,N913XJ,CANADAIR REGIONAL JET,CRJ,Unknown Aircraft,1184.6628252443688,,,
2023-01-10,N336PQ,CANADAIR REGIONAL JET,CRJ,Unknown Aircraft,1184.6628252443688,,,
2023-01-11,N922XJ,CANADAIR REGIONAL JET,CRJ,Unknown Aircraft,1184.6628252443688,,,
2023-01-12,N330PQ,CANADAIR REGIONAL JET,CRJ,Unknown Aircraft,1184.6628252443688,,,
2023-01-13,N335PQ,CANADAIR REGIONAL JET,CRJ,Unknown Aircraft,1184.6628252443688,,,
2023-01-15,N905XJ,CANADAIR REGIONAL JET,CRJ,Unknown Aircraft,1184.6628252443688,,,
2023-01-16,N303PQ,CANADAIR REGIONAL JET,CRJ,Unknown Aircraft,1184.6628252443688,,,
2023-01-17,N604LR,CANADAIR REGIONAL JET,CRJ,Unknown Aircraft,1184.6628252443688,,,
2023-01-18,N933XJ,CANADAIR REGIONAL JET,CRJ,Unknown Aircraft,1184.6628252443688,,,
2023-01-19,N932XJ,CANADAIR REGIONAL JET,CRJ,Unknown Aircraft,1184.6628252443688,,,
2023-01-20,N183GJ,CANADAIR REGIONAL JET,CRJ,Unknown Aircraft,1184.6628252443688,,,
2023-01-22,N605LR,CANADAIR REGIONAL JET,CRJ,Unknown Aircraft,1184.6628252443688,,,
2023-01-23,N313PQ,CANADAIR REGIONAL JET,CRJ,Unknown Aircraft,1184.6628252443688,,,
2023-01-24,N133EV,CANADAIR REGIONAL JET,CRJ,Unknown Aircraft,1184.6628252443688,,,
2023-01-25,N136EV,CANADAIR REGIONAL JET,CRJ,Unknown Aircraft,1184.6628252443688,,,
2023-01-26,N298PQ,CANADAIR REGIONAL JET,CRJ,Unknown Aircraft,1184.6628252443688,,,
2023-01-27,N134EV,CANADAIR REGIONAL JET,CRJ,Unknown Aircraft,1184.6628252443688,,,
2023-01-29,N320PQ,CANADAIR REGIONAL JET,CRJ,Unknown Aircraft,1184.6628252443688,,,
2023-01-30,N200PQ,CANADAIR REGIONAL JET,CRJ,Unknown Aircraft,1184.6628252443688,,,
2023-01-31,N329PQ,CANADAIR REGIONAL JET,CRJ,Unknown Aircraft,1184.6628252443688,,,
2023-01-09,N913XJ,CANADAIR REGIONAL JET,CRJ,Unknown Aircraft,1184.6628252443688,,,
2023-01-10,N336PQ,CANADAIR REGIONAL JET,CRJ,Unknown Aircraft,1184.6628252443688,,,
2023-01-11,N922XJ,CANADAIR REGIONAL JET,CRJ,Unknown Aircraft,1184.6628252443688,,,
2023-01-12,N330PQ,CANADAIR REGIONAL JET,CRJ,Unknown Aircraft,1184.6628252443688,,,
2023-01-13,N335PQ,CANADAIR REGIONAL JET,CRJ,Unknown Aircraft,1184.6628252443688,,,
2023-01-15,N905XJ,CANADAIR REGIONAL JET,CRJ,Unknown Aircraft,1184.6628252443688,,,
2023-01-16,N303PQ,CANADAIR REGIONAL JET,CRJ,Unknown Aircraft,1184.6628252443688,,,
2023-01-17,N604LR,CANADAIR REGIONAL JET,CRJ,Unknown Aircraft,1184.6628252443688,,,
2023-01-18,N933XJ,CANADAIR REGIONAL JET,CRJ,Unknown Aircraft,1184.6628252443688,,,
2023-01-19,N932XJ,CANADAIR REGIONAL JET,CRJ,Unknown Aircraft,1184.6628252443688,,,
2023-01-20,N183GJ,CANADAIR REGIONAL JET,CRJ,Unknown Aircraft,1184.6628252443688,,,
2023-01-22,N605LR,CANADAIR REGIONAL JET,CRJ,Unknown Aircraft,1184.6628252443688,,,
2023-01-23,N313PQ,CANADAIR REGIONAL JET,CRJ,Unknown Aircraft,1184.6628252443688,,,
2023-01-24,N133EV,CANADAIR REGIONAL JET,CRJ,Unknown Aircraft,1184.6628252443688,,,
2023-01-25,N136EV,CANADAIR REGIONAL JET,CRJ,Unknown Aircraft,1184.6628252443688,,,
2023-01-26,N298PQ,CANADAIR REGIONAL JET,CRJ,Unknown Aircraft,1184.6628252443688,,,
2023-01-27,N134EV,CANADAIR REGIONAL JET,CRJ,Unknown Aircraft,1184.6628252443688,,,
2023-01-29,N320PQ,CANADAIR REGIONAL JET,CRJ,Unknown Aircraft,1184.6628252443688,,,
2023-01-30,N200PQ,CANADAIR REGIONAL JET,CRJ,Unknown Aircraft,1184.6628252443688,,,
2023-01-31,N329PQ,CANADAIR REGIONAL JET,CRJ,Unknown Aircraft,1184.6628252443688,,,
2023-01-01,N272PQ,CANADAIR REGIONAL JET,CRJ,Unknown Aircraft,484.2697988416221,,,
2023-01-09,N184GJ,CANADAIR REGIONAL JET,CRJ,Unknown Aircraft,369.05510068908626,,,
2023-01-10,N184GJ,CANADAIR REGIONAL JET,CRJ,Unknown Aircraft,369.05510068908626,,,
2023-01-11,N348PQ,CANADAIR REGIONAL JET,CRJ,Unknown Aircraft,369.05510068908626,,,
2023-01-12,N331PQ,CANADAIR REGIONAL JET,CRJ,Unknown Aircraft,369.05510068908626,,,
2023-01-13,N232PQ,CANADAIR REGIONAL JET,CRJ,Unknown Aircraft,369.05510068908626,,,
2023-01-14,N294PQ,CANADAIR REGIONAL JET,CRJ,Unknown Aircraft,369.05510068908626,,,
2023-01-15,N331PQ,CANADAIR REGIONAL JET,CRJ,Unknown Aircraft,369.05510068908626,,,
2023-01-16,N136EV,CANADAIR REGIONAL JET,CRJ,Unknown Aircraft,369.05510068908626,,,
2023-01-17,N320PQ,CANADAIR REGIONAL JET,CRJ,Unknown Aircraft,369.05510068908626,,,
2023-01-18,N319PQ,CANADAIR REGIONAL JET,CRJ,Unknown Aircraft,369.05510068908626,,,
2023-01-19,N319PQ,CANADAIR REGIONAL JET,CRJ,Unknown Aircraft,369.05510068908626,,,
2023-01-20,N305PQ,CANADAIR REGIONAL JET,CRJ,Unknown Aircraft,369.05510068908626,,,
2023-01-21,N314PQ,CANADAIR REGIONAL JET,CRJ,Unknown Aircraft,369.05510068908626,,,
2023-01-22,N604LR,CANADAIR REGIONAL JET,CRJ,Unknown Aircraft,369.05510068908626,,,
2023-01-23,N299PQ,CANADAIR REGIONAL JET,CRJ,Unknown Aircraft,369.05510068908626,,,
2023-01-24,N299PQ,CANADAIR REGIONAL JET,CRJ,Unknown Aircraft,369.05510068908626,,,
2023-01-25,N137EV,CANADAIR REGIONAL JET,CRJ,Unknown Aircraft,369.05510068908626,,,
2023-01-26,N310PQ,CANADAIR REGIONAL JET,CRJ,Unknown Aircraft,369.05510068908626,,,
2023-01-27,N325PQ,CANADAIR REGIONAL JET,CRJ,Unknown Aircraft,369.05510068908626,,,
2023-01-28,N937XJ,CANADAIR REGIONAL JET,CRJ,Unknown Aircraft,369.05510068908626,,,
2023-01-29,N313PQ,CANADAIR REGIONAL JET,CRJ,Unknown Aircraft,369.05510068908626,,,
2023-01-30,N316PQ,CANADAIR REGIONAL JET,CRJ,Unknown Aircraft,369.05510068908626,,,
2023-01-31,N137EV,CANADAIR REGIONAL JET,CRJ,Unknown Aircraft,369.05510068908626,,,
2023-01-01,N272PQ,CANADAIR REGIONAL JET,CRJ,Unknown Aircraft,484.2697988416221,,,
2023-01-09,N368CA,CANADAIR REGIONAL JET,CRJ,Unknown Aircraft,366.91941660743316,,,
2023-01-10,N340CA,CANADAIR REGIONAL JET,CRJ,Unknown Aircraft,366.91941660743316,,,
2023-01-11,N655CA,CANADAIR REGIONAL JET,CRJ,Unknown Aircraft,366.91941660743316,,,
2023-01-12,N655CA,CANADAIR REGIONAL JET,CRJ,Unknown Aircraft,366.91941660743316,,,
2023-01-13,N340CA,CANADAIR REGIONAL JET,CRJ,Unknown Aircraft,366.91941660743316,,,
2023-01-14,N368CA,CANADAIR REGIONAL JET,CRJ,Unknown Aircraft,366.91941660743316,,,
2023-01-15,N391CA,CANADAIR REGIONAL JET,CRJ,Unknown Aircraft,366.91941660743316,,,
2023-01-16,N340CA,CANADAIR REGIONAL JET,CRJ,Unknown Aircraft,366.91941660743316,,,
2023-01-17,N390CA,CANADAIR REGIONAL JET,CRJ,Unknown Aircraft,366.91941660743316,,,
2023-01-18,N354CA,CANADAIR REGIONAL JET,CRJ,Unknown Aircraft,366.91941660743316,,,
2023-01-19,N391CA,CANADAIR REGIONAL JET,CRJ,Unknown Aircraft,366.91941660743316,,,
2023-01-20,N398CA,CANADAIR REGIONAL JET,CRJ,Unknown Aircraft,366.91941660743316,,,
2023-01-21,N354CA,CANADAIR REGIONAL JET,CRJ,Unknown Aircraft,366.91941660743316,,,
2023-01-22,N390CA,CANADAIR REGIONAL JET,CRJ,Unknown Aircraft,366.91941660743316,,,
2023-01-23,N398CA,CANADAIR REGIONAL JET,CRJ,Unknown Aircraft,366.91941660743316,,,
2023-01-24,N354CA,CANADAIR REGIONAL JET,CRJ,Unknown Aircraft,366.91941660743316,,,
2023-01-25,N367CA,CANADAIR REGIONAL JET,CRJ,Unknown Aircraft,366.91941660743316,,,
2023-01-26,N929XJ,CANADAIR REGIONAL JET,CRJ,Unknown Aircraft,366.91941660743316,,,
2023-01-27,N340CA,CANADAIR REGIONAL JET,CRJ,Unknown Aircraft,366.91941660743316,,,
2023-01-28,N367CA,CANADAIR REGIONAL JET,CRJ,Unknown Aircraft,366.91941660743316,,,
2023-01-29,N376CA,CANADAIR REGIONAL JET,CRJ,Unknown Aircraft,366.91941660743316,,,
2023-01-30,N376CA,CANADAIR REGIONAL JET,CRJ,Unknown Aircraft,366.91941660743316,,,
2023-01-31,N340CA,CANADAIR REGIONAL JET,CRJ,Unknown Aircraft,366.91941660743316,,,
2023-01-02,N676CA,CANADAIR REGIONAL JET,CRJ,Unknown Aircraft,870.5247124298045,,,
2023-01-03,N931XJ,CANADAIR REGIONAL JET,CRJ,Unknown Aircraft,870.5247124298045,,,
2023-01-04,N166PQ,CANADAIR REGIONAL JET,CRJ,Unknown Aircraft,870.5247124298045,,,
2023-01-05,N301PQ,CANADAIR REGIONAL JET,CRJ,Unknown Aircraft,870.5247124298045,,,
2023-01-06,N295PQ,CANADAIR REGIONAL JET,CRJ,Unknown Aircraft,870.5247124298045,,,
2023-01-07,N903XJ,CANADAIR REGIONAL JET,CRJ,Unknown Aircraft,870.5247124298045,,,
2023-01-08,N187GJ,CANADAIR REGIONAL JET,CRJ,Unknown Aircraft,870.5247124298045,,,
2023-01-09,N368CA,CANADAIR REGIONAL JET,CRJ,Unknown Aircraft,366.91941660743316,,,
2023-01-10,N340CA,CANADAIR REGIONAL JET,CRJ,Unknown Aircraft,366.91941660743316,,,
2023-01-11,N655CA,CANADAIR REGIONAL JET,CRJ,Unknown Aircraft,366.91941660743316,,,
2023-01-12,N655CA,CANADAIR REGIONAL JET,CRJ,Unknown Aircraft,366.91941660743316,,,
2023-01-13,N340CA,CANADAIR REGIONAL JET,CRJ,Unknown Aircraft,366.91941660743316,,,
2023-01-14,N368CA,CANADAIR REGIONAL JET,CRJ,Unknown Aircraft,366.91941660743316,,,
2023-01-15,N391CA,CANADAIR REGIONAL JET,CRJ,Unknown Aircraft,366.91941660743316,,,
2023-01-16,N340CA,CANADAIR REGIONAL JET,CRJ,Unknown Aircraft,366.91941660743316,,,
2023-01-17,N390CA,CANADAIR REGIONAL JET,CRJ,Unknown Aircraft,366.91941660743316,,,
2023-01-18,N354CA,CANADAIR REGIONAL JET,CRJ,Unknown Aircraft,366.91941660743316,,,
2023-01-19,N391CA,CANADAIR REGIONAL JET,CRJ,Unknown Aircraft,366.91941660743316,,,
2023-01-20,N398CA,CANADAIR REGIONAL JET,CRJ,Unknown Aircraft,366.91941660743316,,,
2023-01-21,N354CA,CANADAIR REGIONAL JET,CRJ,Unknown Aircraft,366.91941660743316,,,
2023-01-22,N390CA,CANADAIR REGIONAL JET,CRJ,Unknown Aircraft,366.91941660743316,,,
2023-01-23,N398CA,CANADAIR REGIONAL JET,CRJ,Unknown Aircraft,366.91941660743316,,,
2023-01-24,N354CA,CANADAIR REGIONAL JET,CRJ,Unknown Aircraft,366.91941660743316,,,
2023-01-25,N367CA,CANADAIR REGIONAL JET,CRJ,Unknown Aircraft,366.91941660743316,,,
2023-01-26,N929XJ,CANADAIR REGIONAL JET,CRJ,Unknown Aircraft,366.91941660743316,,,
2023-01-27,N340CA,CANADAIR REGIONAL JET,CRJ,Unknown Aircraft,366.91941660743316,,,
2023-01-28,N367CA,CANADAIR REGIONAL JET,CRJ,Unknown Aircraft,366.91941660743316,,,
2023-01-29,N376CA,CANADAIR REGIONAL JET,CRJ,Unknown Aircraft,366.91941660743316,,,
2023-01-30,N376CA,CANADAIR REGIONAL JET,CRJ,Unknown Aircraft,366.91941660743316,,,
2023-01-31,N340CA,CANADAIR REGIONAL JET,CRJ,Unknown Aircraft,366.91941660743316,,,
2023-01-08,N348PQ,CANADAIR REGIONAL JET,CRJ,Unknown Aircraft,429.33247929569654,,,
2023-01-08,N348PQ,CANADAIR REGIONAL JET,CRJ,Unknown Aircraft,429.33247929569654,,,
2023-01-07,N932XJ,CANADAIR REGIONAL JET,CRJ,Unknown Aircraft,1650.8674635042946,,,
2023-01-09,N186PQ,CANADAIR REGIONAL JET,CRJ,Unknown Aircraft,469.7568881113004,,,
2023-01-10,N491PX,CANADAIR REGIONAL JET,CRJ,Unknown Aircraft,469.7568881113004,,,
2023-01-11,N479PX,CANADAIR REGIONAL JET,CRJ,Unknown Aircraft,469.7568881113004,,,
2023-01-12,N313PQ,CANADAIR REGIONAL JET,CRJ,Unknown Aircraft,469.7568881113004,,,
2023-01-13,N933XJ,CANADAIR REGIONAL JET,CRJ,Unknown Aircraft,469.7568881113004,,,
2023-01-16,N695CA,CANADAIR REGIONAL JET,CRJ,Unknown Aircraft,469.7568881113004,,,
2023-01-17,N906XJ,CANADAIR REGIONAL JET,CRJ,Unknown Aircraft,469.7568881113004,,,
2023-01-18,N228PQ,CANADAIR REGIONAL JET,CRJ,Unknown Aircraft,469.7568881113004,,,
2023-01-19,N187GJ,CANADAIR REGIONAL JET,CRJ,Unknown Aircraft,469.7568881113004,,,
2023-01-20,N607LR,CANADAIR REGIONAL JET,CRJ,Unknown Aircraft,469.7568881113004,,,
